Bibb,AL-Bibb,0,0
Blount,AL-Blount,0,0
Bullock,AL-Bullock,0,0
Butler,AL-Butler,0,0
Anderson,KS-Anderson,0,0
Calhoun,AL-Calhoun,0,0
Chambers,AL-Chambers,0,0
Cherokee,AL-Cherokee,0,0
Chilton,AL-Chilton,0,0
Choctaw,AL-Choctaw,0,0
Clarke,AL-Clarke,0,0
Rï¿½o Grande,PR-Rï¿½o Grande,0,0
Clay,AL-Clay,0,0
Cleburne,AL-Cleburne,0,0
Coffee,AL-Coffee,0,0
Colbert,AL-Colbert,0,0
Conecuh,AL-Conecuh,0,0
Covington,AL-Covington,0,0
Crenshaw,AL-Crenshaw,0,0
Cullman,AL-Cullman,0,0
Dale,AL-Dale,0,0
Dallas,AL-Dallas,0,0
DeKalb,AL-DeKalb,0,0
Pinal,AZ-Pinal,0,0
Elmore,AL-Elmore,0,0
Escambia,AL-Escambia,0,0
Etowah,AL-Etowah,0,0
Fayette,AL-Fayette,0,0
Grant,KS-Grant,0,0
Franklin,AL-Franklin,0,0
Geneva,AL-Geneva,0,0
Greene,AL-Greene,0,0
Hale,AL-Hale,0,0
Henry,AL-Henry,0,0
Houston,AL-Houston,0,0
Jackson,AL-Jackson,0,0
Jefferson,AL-Jefferson,0,0
Lamar,AL-Lamar,0,0
Lauderdale,AL-Lauderdale,0,0
Lawrence,AL-Lawrence,0,0
Lee,AL-Lee,0,0
Limestone,AL-Limestone,0,0
Lowndes,AL-Lowndes,0,0
Macon,AL-Macon,0,0
Madison,AL-Madison,0,0
Marengo,AL-Marengo,0,0
Marion,AL-Marion,0,0
Marshall,AL-Marshall,0,0
Mobile,AL-Mobile,0,0
Monroe,AL-Monroe,0,0
Montgomery,AL-Montgomery,0,0
Morgan,AL-Morgan,0,0
Perry,AL-Perry,0,0
Pickens,AL-Pickens,0,0
Pike,AL-Pike,0,0
Boone,AR-Boone,0,0
Randolph,AL-Randolph,0,0
Russell,AL-Russell,0,0
St. Clair,AL-St. Clair,0,0
Shelby,AL-Shelby,0,0
Sumter,AL-Sumter,0,0
Talladega,AL-Talladega,0,0
Tallapoosa,AL-Tallapoosa,0,0
Tuscaloosa,AL-Tuscaloosa,0,0
Walker,AL-Walker,0,0
Washington,AL-Washington,0,0
Wilcox,AL-Wilcox,0,0
Winston,AL-Winston,0,0
Aleutians East,AK-Aleutians East,0,0
Aleutians West,AK-Aleutians West,0,0
2.94454 -170.14417,52.95078 -170.11652,0,0
Anchorage,AK-Anchorage,0,0
Bethel,AK-Bethel,0,0
Bristol Bay,AK-Bristol Bay,0,0
Denali,AK-Denali,0,0
Dillingham,AK-Dillingham,0,0
Fairbanks North Star,AK-Fairbanks North Star,0,0
Haines,AK-Haines,0,0
Hoonah-Angoon,AK-Hoonah-Angoon,0,0
Juneau,AK-Juneau,0,0
Kenai Peninsula,AK-Kenai Peninsula,0,0
Ketchikan Gateway,AK-Ketchikan Gateway,0,0
Kodiak Island,AK-Kodiak Island,0,0
Lake and Peninsula,AK-Lake and Peninsula,0,0
Matanuska-Susitna,AK-Matanuska-Susitna,0,0
Nome,AK-Nome,0,0
North Slope,AK-North Slope,0,0
Northwest Arctic,AK-Northwest Arctic,0,0
Petersburg,AK-Petersburg,0,0
Prince of Wales-Hyder,AK-Prince of Wales-Hyder,0,0
Sitka,AK-Sitka,0,0
Skagway-Hoonah-Angoon,AK-Skagway-Hoonah-Angoon,0,0
Skagway,AK-Skagway,0,0
Southeast Fairbanks,AK-Southeast Fairbanks,0,0
Valdez-Cordova,AK-Valdez-Cordova,0,0
Wade Hampton,AK-Wade Hampton,0,0
Wrangell,AK-Wrangell,0,0
Yakutat,AK-Yakutat,0,0
Yukon-Koyukuk,AK-Yukon-Koyukuk,0,0
Apache,AZ-Apache,0,0
Cochise,AZ-Cochise,0,0
Coconino,AZ-Coconino,0,0
Santa Cruz,AZ-Santa Cruz,0,0
Gila,AZ-Gila,0,0
Graham,AZ-Graham,0,0
Greenlee,AZ-Greenlee,0,0
La Paz,AZ-La Paz,0,0
Maricopa,AZ-Maricopa,0,0
Mohave,AZ-Mohave,0,0
Navajo,AZ-Navajo,0,0
Pima,AZ-Pima,0,0
Yavapai,AZ-Yavapai,0,0
Yuma,AZ-Yuma,0,0
Arkansas,AR-Arkansas,0,0
Ashley,AR-Ashley,0,0
Baxter,AR-Baxter,0,0
Benton,AR-Benton,0,0
Bradley,AR-Bradley,0,0
Calhoun,AR-Calhoun,0,0
Carroll,AR-Carroll,0,0
Chicot,AR-Chicot,0,0
Clark,AR-Clark,0,0
Clay,AR-Clay,0,0
Cleburne,AR-Cleburne,0,0
Cleveland,AR-Cleveland,0,0
Columbia,AR-Columbia,0,0
Nevada,CA-Nevada,0,0
Orange,CA-Orange,0,0
Conway,AR-Conway,0,0
Craighead,AR-Craighead,0,0
Crawford,AR-Crawford,0,0
Crittenden,AR-Crittenden,0,0
Cross,AR-Cross,0,0
Franklin,AR-Franklin,0,0
Dallas,AR-Dallas,0,0
Desha,AR-Desha,0,0
Drew,AR-Drew,0,0
Faulkner,AR-Faulkner,0,0
Fulton,AR-Fulton,0,0
Garland,AR-Garland,0,0
Grant,AR-Grant,0,0
Greene,AR-Greene,0,0
Logan,AR-Logan,0,0
Hempstead,AR-Hempstead,0,0
Hot Spring,AR-Hot Spring,0,0
Howard,AR-Howard,0,0
Independence,AR-Independence,0,0
Izard,AR-Izard,0,0
Rio Grande,CO-Rio Grande,0,0
Jackson,AR-Jackson,0,0
Jefferson,AR-Jefferson,0,0
Johnson,AR-Johnson,0,0
Lafayette,AR-Lafayette,0,0
Morton,KS-Morton,0,0
Lawrence,AR-Lawrence,0,0
Lee,AR-Lee,0,0
Lincoln,AR-Lincoln,0,0
Little River,AR-Little River,0,0
Poinsett,AR-Poinsett,0,0
Lonoke,AR-Lonoke,0,0
Madison,AR-Madison,0,0
Marion,AR-Marion,0,0
Miller,AR-Miller,0,0
Mississippi,AR-Mississippi,0,0
Monroe,AR-Monroe,0,0
Montgomery,AR-Montgomery,0,0
Nevada,AR-Nevada,0,0
Newton,AR-Newton,0,0
Ouachita,AR-Ouachita,0,0
Perry,AR-Perry,0,0
Phillips,AR-Phillips,0,0
Pike,AR-Pike,0,0
Polk,AR-Polk,0,0
Pope,AR-Pope,0,0
Prairie,AR-Prairie,0,0
Pulaski,AR-Pulaski,0,0
Randolph,AR-Randolph,0,0
St. Francis,AR-St. Francis,0,0
Saline,AR-Saline,0,0
Scott,AR-Scott,0,0
Napa,CA-Napa,0,0
Searcy,AR-Searcy,0,0
Sebastian,AR-Sebastian,0,0
Sevier,AR-Sevier,0,0
Sharp,AR-Sharp,0,0
Teller,CO-Teller,0,0
Stone,AR-Stone,0,0
Union,AR-Union,0,0
Van Buren,AR-Van Buren,0,0
Washington,AR-Washington,0,0
White,AR-White,0,0
Woodruff,AR-Woodruff,0,0
Yell,AR-Yell,0,0
Alameda,CA-Alameda,0,0
Alpine,CA-Alpine,0,0
Amador,CA-Amador,0,0
Butte,CA-Butte,0,0
Loup,NE-Loup,0,0
Calaveras,CA-Calaveras,0,0
Colusa,CA-Colusa,0,0
Contra Costa,CA-Contra Costa,0,0
Del Norte,CA-Del Norte,0,0
El Dorado,CA-El Dorado,0,0
Fresno,CA-Fresno,0,0
Glenn,CA-Glenn,0,0
Humboldt,CA-Humboldt,0,0
Imperial,CA-Imperial,0,0
Inyo,CA-Inyo,0,0
Kern,CA-Kern,0,0
Kings,CA-Kings,0,0
Lake,CA-Lake,0,0
Lassen,CA-Lassen,0,0
Los Angeles,CA-Los Angeles,0,0
Madera,CA-Madera,0,0
Marin,CA-Marin,0,0
Mariposa,CA-Mariposa,0,0
Mendocino,CA-Mendocino,0,0
Merced,CA-Merced,0,0
Modoc,CA-Modoc,0,0
Mono,CA-Mono,0,0
Monterey,CA-Monterey,0,0
Placer,CA-Placer,0,0
Plumas,CA-Plumas,0,0
Riverside,CA-Riverside,0,0
Sacramento,CA-Sacramento,0,0
San Benito,CA-San Benito,0,0
San Bernardino,CA-San Bernardino,0,0
San Diego,CA-San Diego,0,0
San Francisco,CA-San Francisco,0,0
San Joaquin,CA-San Joaquin,0,0
San Luis Obispo,CA-San Luis Obispo,0,0
San Mateo,CA-San Mateo,0,0
Santa Barbara,CA-Santa Barbara,0,0
Santa Clara,CA-Santa Clara,0,0
Santa Cruz,CA-Santa Cruz,0,0
Shasta,CA-Shasta,0,0
Sierra,CA-Sierra,0,0
Siskiyou,CA-Siskiyou,0,0
Solano,CA-Solano,0,0
Sonoma,CA-Sonoma,0,0
Stanislaus,CA-Stanislaus,0,0
Sutter,CA-Sutter,0,0
Tehama,CA-Tehama,0,0
Trinity,CA-Trinity,0,0
Tulare,CA-Tulare,0,0
Tuolumne,CA-Tuolumne,0,0
Ventura,CA-Ventura,0,0
Yolo,CA-Yolo,0,0
Yuba,CA-Yuba,0,0
Adams,CO-Adams,0,0
Alamosa,CO-Alamosa,0,0
Arapahoe,CO-Arapahoe,0,0
Archuleta,CO-Archuleta,0,0
Baca,CO-Baca,0,0
Bent,CO-Bent,0,0
Boulder,CO-Boulder,0,0
Broomfield,CO-Broomfield,0,0
Middlesex,CT-Middlesex,0,0
Chaffee,CO-Chaffee,0,0
Cheyenne,CO-Cheyenne,0,0
Clear Creek,CO-Clear Creek,0,0
Conejos,CO-Conejos,0,0
Douglas,CO-Douglas,0,0
Costilla,CO-Costilla,0,0
Crowley,CO-Crowley,0,0
Custer,CO-Custer,0,0
Delta,CO-Delta,0,0
Denver,CO-Denver,0,0
Dolores,CO-Dolores,0,0
Pueblo,CO-Pueblo,0,0
Eagle,CO-Eagle,0,0
El Paso,CO-El Paso,0,0
Elbert,CO-Elbert,0,0
Fremont,CO-Fremont,0,0
Rio Blanco,CO-Rio Blanco,0,0
Garfield,CO-Garfield,0,0
Gilpin,CO-Gilpin,0,0
Grand,CO-Grand,0,0
Gunnison,CO-Gunnison,0,0
Hinsdale,CO-Hinsdale,0,0
Huerfano,CO-Huerfano,0,0
Jackson,CO-Jackson,0,0
Jefferson,CO-Jefferson,0,0
Kiowa,CO-Kiowa,0,0
Kit Carson,CO-Kit Carson,0,0
Lake,CO-Lake,0,0
La Plata,CO-La Plata,0,0
Larimer,CO-Larimer,0,0
Las Animas,CO-Las Animas,0,0
Lincoln,CO-Lincoln,0,0
Logan,CO-Logan,0,0
Mesa,CO-Mesa,0,0
Mineral,CO-Mineral,0,0
Moffat,CO-Moffat,0,0
Montezuma,CO-Montezuma,0,0
Montrose,CO-Montrose,0,0
Morgan,CO-Morgan,0,0
Otero,CO-Otero,0,0
Ouray,CO-Ouray,0,0
Park,CO-Park,0,0
Phillips,CO-Phillips,0,0
Pitkin,CO-Pitkin,0,0
Prowers,CO-Prowers,0,0
Routt,CO-Routt,0,0
Saguache,CO-Saguache,0,0
San Juan,CO-San Juan,0,0
San Miguel,CO-San Miguel,0,0
Sedgwick,CO-Sedgwick,0,0
Summit,CO-Summit,0,0
Washington,CO-Washington,0,0
Weld,CO-Weld,0,0
Yuma,CO-Yuma,0,0
Fairfield,CT-Fairfield,0,0
Hartford,CT-Hartford,0,0
Litchfield,CT-Litchfield,0,0
New Haven,CT-New Haven,0,0
New London,CT-New London,0,0
Tolland,CT-Tolland,0,0
Windham,CT-Windham,0,0
Kent,DE-Kent,0,0
Vega Baja,PR-Vega Baja,0,0
New Castle,DE-New Castle,0,0
Sussex,DE-Sussex,0,0
District of Columbia,DC-District of Columbia,0,0
Alachua,FL-Alachua,0,0
Baker,FL-Baker,0,0
Bay,FL-Bay,0,0
Bradford,FL-Bradford,0,0
Brevard,FL-Brevard,0,0
Broward,FL-Broward,0,0
Calhoun,FL-Calhoun,0,0
Charlotte,FL-Charlotte,0,0
Citrus,FL-Citrus,0,0
Clay,FL-Clay,0,0
Collier,FL-Collier,0,0
Columbia,FL-Columbia,0,0
DeSoto,FL-DeSoto,0,0
Dixie,FL-Dixie,0,0
Duval,FL-Duval,0,0
Escambia,FL-Escambia,0,0
Flagler,FL-Flagler,0,0
Franklin,FL-Franklin,0,0
Gadsden,FL-Gadsden,0,0
Martin,FL-Martin,0,0
Gilchrist,FL-Gilchrist,0,0
Glades,FL-Glades,0,0
Gulf,FL-Gulf,0,0
Hamilton,FL-Hamilton,0,0
Hardee,FL-Hardee,0,0
Hendry,FL-Hendry,0,0
Hernando,FL-Hernando,0,0
Highlands,FL-Highlands,0,0
Hillsborough,FL-Hillsborough,0,0
Holmes,FL-Holmes,0,0
Indian River,FL-Indian River,0,0
Jackson,FL-Jackson,0,0
Jefferson,FL-Jefferson,0,0
Lafayette,FL-Lafayette,0,0
Lake,FL-Lake,0,0
Lee,FL-Lee,0,0
Leon,FL-Leon,0,0
Levy,FL-Levy,0,0
Liberty,FL-Liberty,0,0
Madison,FL-Madison,0,0
Manatee,FL-Manatee,0,0
Marion,FL-Marion,0,0
Miami-Dade,FL-Miami-Dade,0,0
Monroe,FL-Monroe,0,0
Nassau,FL-Nassau,0,0
Okaloosa,FL-Okaloosa,0,0
Okeechobee,FL-Okeechobee,0,0
Orange,FL-Orange,0,0
Osceola,FL-Osceola,0,0
Palm Beach,FL-Palm Beach,0,0
Pasco,FL-Pasco,0,0
Pinellas,FL-Pinellas,0,0
Washington,FL-Washington,0,0
Polk,FL-Polk,0,0
Putnam,FL-Putnam,0,0
St. Johns,FL-St. Johns,0,0
St. Lucie,FL-St. Lucie,0,0
Santa Rosa,FL-Santa Rosa,0,0
Sarasota,FL-Sarasota,0,0
Seminole,FL-Seminole,0,0
Sumter,FL-Sumter,0,0
Suwannee,FL-Suwannee,0,0
Taylor,FL-Taylor,0,0
Union,FL-Union,0,0
Volusia,FL-Volusia,0,0
Wakulla,FL-Wakulla,0,0
Walton,FL-Walton,0,0
Appling,GA-Appling,0,0
Atkinson,GA-Atkinson,0,0
Bacon,GA-Bacon,0,0
Baker,GA-Baker,0,0
Baldwin,GA-Baldwin,0,0
Banks,GA-Banks,0,0
Barrow,GA-Barrow,0,0
Bartow,GA-Bartow,0,0
Ben Hill,GA-Ben Hill,0,0
Bryan,GA-Bryan,0,0
Bulloch,GA-Bulloch,0,0
Berrien,GA-Berrien,0,0
Bibb,GA-Bibb,0,0
Bleckley,GA-Bleckley,0,0
Brantley,GA-Brantley,0,0
Brooks,GA-Brooks,0,0
Burke,GA-Burke,0,0
Butts,GA-Butts,0,0
Calhoun,GA-Calhoun,0,0
Camden,GA-Camden,0,0
Candler,GA-Candler,0,0
Carroll,GA-Carroll,0,0
Chattooga,GA-Chattooga,0,0
Catoosa,GA-Catoosa,0,0
Charlton,GA-Charlton,0,0
Chatham,GA-Chatham,0,0
Chattahoochee,GA-Chattahoochee,0,0
Cherokee,GA-Cherokee,0,0
Clarke,GA-Clarke,0,0
Clay,GA-Clay,0,0
Clayton,GA-Clayton,0,0
Clinch,GA-Clinch,0,0
Cobb,GA-Cobb,0,0
Coffee,GA-Coffee,0,0
Colquitt,GA-Colquitt,0,0
Columbia,GA-Columbia,0,0
Cook,GA-Cook,0,0
Echols,GA-Echols,0,0
Coweta,GA-Coweta,0,0
Crawford,GA-Crawford,0,0
Crisp,GA-Crisp,0,0
Dade,GA-Dade,0,0
Haralson,GA-Haralson,0,0
Dawson,GA-Dawson,0,0
DeKalb,GA-DeKalb,0,0
Decatur,GA-Decatur,0,0
Dodge,GA-Dodge,0,0
Sharkey,MS-Sharkey,0,0
Dooly,GA-Dooly,0,0
Dougherty,GA-Dougherty,0,0
Douglas,GA-Douglas,0,0
Early,GA-Early,0,0
Douglas,IL-Douglas,0,0
Effingham,GA-Effingham,0,0
Elbert,GA-Elbert,0,0
Emanuel,GA-Emanuel,0,0
Evans,GA-Evans,0,0
Fannin,GA-Fannin,0,0
Fayette,GA-Fayette,0,0
Floyd,GA-Floyd,0,0
Forsyth,GA-Forsyth,0,0
Franklin,GA-Franklin,0,0
Fulton,GA-Fulton,0,0
Gilmer,GA-Gilmer,0,0
Glascock,GA-Glascock,0,0
Glynn,GA-Glynn,0,0
Gordon,GA-Gordon,0,0
Grady,GA-Grady,0,0
Greene,GA-Greene,0,0
Gwinnett,GA-Gwinnett,0,0
Habersham,GA-Habersham,0,0
Hall,GA-Hall,0,0
Hancock,GA-Hancock,0,0
Harris,GA-Harris,0,0
Hart,GA-Hart,0,0
Heard,GA-Heard,0,0
Henry,GA-Henry,0,0
Houston,GA-Houston,0,0
Irwin,GA-Irwin,0,0
Jackson,GA-Jackson,0,0
Jasper,GA-Jasper,0,0
Jeff Davis,GA-Jeff Davis,0,0
Jefferson,GA-Jefferson,0,0
Jenkins,GA-Jenkins,0,0
Lawrence,IL-Lawrence,0,0
Johnson,GA-Johnson,0,0
Jones,GA-Jones,0,0
Lamar,GA-Lamar,0,0
Lanier,GA-Lanier,0,0
Laurens,GA-Laurens,0,0
Lumpkin,GA-Lumpkin,0,0
Lee,GA-Lee,0,0
Liberty,GA-Liberty,0,0
Lincoln,GA-Lincoln,0,0
Long,GA-Long,0,0
Lowndes,GA-Lowndes,0,0
Adair,IA-Adair,0,0
McDuffie,GA-McDuffie,0,0
McIntosh,GA-McIntosh,0,0
Macon,GA-Macon,0,0
Madison,GA-Madison,0,0
Marion,GA-Marion,0,0
Meriwether,GA-Meriwether,0,0
Miller,GA-Miller,0,0
Mitchell,GA-Mitchell,0,0
Monroe,GA-Monroe,0,0
Montgomery,GA-Montgomery,0,0
Morgan,GA-Morgan,0,0
Murray,GA-Murray,0,0
Muscogee,GA-Muscogee,0,0
Newton,GA-Newton,0,0
Oconee,GA-Oconee,0,0
Oglethorpe,GA-Oglethorpe,0,0
Paulding,GA-Paulding,0,0
Peach,GA-Peach,0,0
Pickens,GA-Pickens,0,0
Pierce,GA-Pierce,0,0
Pike,GA-Pike,0,0
Polk,GA-Polk,0,0
Pulaski,GA-Pulaski,0,0
Putnam,GA-Putnam,0,0
Quitman,GA-Quitman,0,0
Rabun,GA-Rabun,0,0
Randolph,GA-Randolph,0,0
Richmond,GA-Richmond,0,0
Rockdale,GA-Rockdale,0,0
Schley,GA-Schley,0,0
Thomas,GA-Thomas,0,0
Screven,GA-Screven,0,0
Seminole,GA-Seminole,0,0
Spalding,GA-Spalding,0,0
Stephens,GA-Stephens,0,0
Stewart,GA-Stewart,0,0
Sumter,GA-Sumter,0,0
Webster,GA-Webster,0,0
Talbot,GA-Talbot,0,0
Taliaferro,GA-Taliaferro,0,0
Tattnall,GA-Tattnall,0,0
Taylor,GA-Taylor,0,0
Telfair,GA-Telfair,0,0
Terrell,GA-Terrell,0,0
Tift,GA-Tift,0,0
Toombs,GA-Toombs,0,0
Towns,GA-Towns,0,0
Treutlen,GA-Treutlen,0,0
Troup,GA-Troup,0,0
Turner,GA-Turner,0,0
Twiggs,GA-Twiggs,0,0
Union,GA-Union,0,0
Upson,GA-Upson,0,0
Walker,GA-Walker,0,0
Walton,GA-Walton,0,0
Ware,GA-Ware,0,0
Warren,GA-Warren,0,0
Washington,GA-Washington,0,0
Wayne,GA-Wayne,0,0
Wheeler,GA-Wheeler,0,0
White,GA-White,0,0
Whitfield,GA-Whitfield,0,0
Wilcox,GA-Wilcox,0,0
Kalawao,HI-Kalawao,0,0
Kauai,HI-Kauai,0,0
Maui,HI-Maui,0,0
Wilkes,GA-Wilkes,0,0
Wilkinson,GA-Wilkinson,0,0
Worth,GA-Worth,0,0
Hawaii,HI-Hawaii,0,0
Honolulu,HI-Honolulu,0,0
Ada,ID-Ada,0,0
Adams,ID-Adams,0,0
Bannock,ID-Bannock,0,0
Bear Lake,ID-Bear Lake,0,0
Benewah,ID-Benewah,0,0
Bingham,ID-Bingham,0,0
Blaine,ID-Blaine,0,0
Boise,ID-Boise,0,0
Bonner,ID-Bonner,0,0
Bonneville,ID-Bonneville,0,0
Boundary,ID-Boundary,0,0
Butte,ID-Butte,0,0
Camas,ID-Camas,0,0
Canyon,ID-Canyon,0,0
Caribou,ID-Caribou,0,0
Cassia,ID-Cassia,0,0
Clark,ID-Clark,0,0
Clearwater,ID-Clearwater,0,0
Custer,ID-Custer,0,0
Elmore,ID-Elmore,0,0
Franklin,ID-Franklin,0,0
Fremont,ID-Fremont,0,0
Gem,ID-Gem,0,0
Gooding,ID-Gooding,0,0
Idaho,ID-Idaho,0,0
Jefferson,ID-Jefferson,0,0
Jerome,ID-Jerome,0,0
Kootenai,ID-Kootenai,0,0
Latah,ID-Latah,0,0
Lemhi,ID-Lemhi,0,0
Lewis,ID-Lewis,0,0
Lincoln,ID-Lincoln,0,0
Madison,ID-Madison,0,0
Minidoka,ID-Minidoka,0,0
Nez Perce,ID-Nez Perce,0,0
Oneida,ID-Oneida,0,0
Owyhee,ID-Owyhee,0,0
Payette,ID-Payette,0,0
Power,ID-Power,0,0
Shoshone,ID-Shoshone,0,0
Teton,ID-Teton,0,0
Twin Falls,ID-Twin Falls,0,0
Valley,ID-Valley,0,0
Washington,ID-Washington,0,0
Adams,IL-Adams,0,0
Alexander,IL-Alexander,0,0
Bond,IL-Bond,0,0
Boone,IL-Boone,0,0
Brown,IL-Brown,0,0
Bureau,IL-Bureau,0,0
Calhoun,IL-Calhoun,0,0
Carroll,IL-Carroll,0,0
Cass,IL-Cass,0,0
Champaign,IL-Champaign,0,0
Christian,IL-Christian,0,0
Clark,IL-Clark,0,0
Clay,IL-Clay,0,0
Clinton,IL-Clinton,0,0
Coles,IL-Coles,0,0
Cook,IL-Cook,0,0
Crawford,IL-Crawford,0,0
Cumberland,IL-Cumberland,0,0
DeKalb,IL-DeKalb,0,0
De Witt,IL-De Witt,0,0
DuPage,IL-DuPage,0,0
Edgar,IL-Edgar,0,0
Edwards,IL-Edwards,0,0
Effingham,IL-Effingham,0,0
Fayette,IL-Fayette,0,0
Ford,IL-Ford,0,0
Franklin,IL-Franklin,0,0
Fulton,IL-Fulton,0,0
Gallatin,IL-Gallatin,0,0
Greene,IL-Greene,0,0
Adams,IA-Adams,0,0
Grundy,IL-Grundy,0,0
Hamilton,IL-Hamilton,0,0
Hancock,IL-Hancock,0,0
Hardin,IL-Hardin,0,0
Henderson,IL-Henderson,0,0
Henry,IL-Henry,0,0
Iroquois,IL-Iroquois,0,0
Jackson,IL-Jackson,0,0
Jasper,IL-Jasper,0,0
Lee,IL-Lee,0,0
Jefferson,IL-Jefferson,0,0
Jersey,IL-Jersey,0,0
Jo Daviess,IL-Jo Daviess,0,0
Johnson,IL-Johnson,0,0
Kane,IL-Kane,0,0
Kankakee,IL-Kankakee,0,0
Kendall,IL-Kendall,0,0
Knox,IL-Knox,0,0
Lake,IL-Lake,0,0
LaSalle,IL-LaSalle,0,0
Livingston,IL-Livingston,0,0
Logan,IL-Logan,0,0
McDonough,IL-McDonough,0,0
McHenry,IL-McHenry,0,0
McLean,IL-McLean,0,0
Macon,IL-Macon,0,0
Macoupin,IL-Macoupin,0,0
Madison,IL-Madison,0,0
Marion,IL-Marion,0,0
Marshall,IL-Marshall,0,0
Mason,IL-Mason,0,0
Massac,IL-Massac,0,0
Menard,IL-Menard,0,0
Mercer,IL-Mercer,0,0
Monroe,IL-Monroe,0,0
Montgomery,IL-Montgomery,0,0
Morgan,IL-Morgan,0,0
Moultrie,IL-Moultrie,0,0
Ogle,IL-Ogle,0,0
Lyon,MN-Lyon,0,0
Peoria,IL-Peoria,0,0
Perry,IL-Perry,0,0
Piatt,IL-Piatt,0,0
Pike,IL-Pike,0,0
Pope,IL-Pope,0,0
Pulaski,IL-Pulaski,0,0
Putnam,IL-Putnam,0,0
Randolph,IL-Randolph,0,0
Richland,IL-Richland,0,0
Rock Island,IL-Rock Island,0,0
St. Clair,IL-St. Clair,0,0
Saline,IL-Saline,0,0
Sangamon,IL-Sangamon,0,0
Schuyler,IL-Schuyler,0,0
Scott,IL-Scott,0,0
Shelby,IL-Shelby,0,0
Stark,IL-Stark,0,0
Stephenson,IL-Stephenson,0,0
Tazewell,IL-Tazewell,0,0
Mahnomen,MN-Mahnomen,0,0
Union,IL-Union,0,0
Vermilion,IL-Vermilion,0,0
Wabash,IL-Wabash,0,0
Warren,IL-Warren,0,0
Carroll,IN-Carroll,0,0
Washington,IL-Washington,0,0
Wayne,IL-Wayne,0,0
White,IL-White,0,0
Whiteside,IL-Whiteside,0,0
Will,IL-Will,0,0
Williamson,IL-Williamson,0,0
Winnebago,IL-Winnebago,0,0
Woodford,IL-Woodford,0,0
Adams,IN-Adams,0,0
Allen,IN-Allen,0,0
Bartholomew,IN-Bartholomew,0,0
Benton,IN-Benton,0,0
Blackford,IN-Blackford,0,0
Boone,IN-Boone,0,0
Brown,IN-Brown,0,0
Cass,IN-Cass,0,0
Clark,IN-Clark,0,0
Clay,IN-Clay,0,0
Clinton,IN-Clinton,0,0
Crawford,IN-Crawford,0,0
Daviess,IN-Daviess,0,0
Dearborn,IN-Dearborn,0,0
Decatur,IN-Decatur,0,0
DeKalb,IN-DeKalb,0,0
Delaware,IN-Delaware,0,0
Dubois,IN-Dubois,0,0
Elkhart,IN-Elkhart,0,0
Fayette,IN-Fayette,0,0
Floyd,IN-Floyd,0,0
Fountain,IN-Fountain,0,0
Franklin,IN-Franklin,0,0
Fulton,IN-Fulton,0,0
Gibson,IN-Gibson,0,0
Grant,IN-Grant,0,0
Greene,IN-Greene,0,0
Hamilton,IN-Hamilton,0,0
Hancock,IN-Hancock,0,0
Harrison,IN-Harrison,0,0
Hendricks,IN-Hendricks,0,0
Johnson,IN-Johnson,0,0
Knox,IN-Knox,0,0
Henry,IN-Henry,0,0
Howard,IN-Howard,0,0
Huntington,IN-Huntington,0,0
Jackson,IN-Jackson,0,0
Chickasaw,IA-Chickasaw,0,0
Jasper,IN-Jasper,0,0
Jay,IN-Jay,0,0
Jefferson,IN-Jefferson,0,0
Jennings,IN-Jennings,0,0
Kosciusko,IN-Kosciusko,0,0
LaGrange,IN-LaGrange,0,0
Lake,IN-Lake,0,0
LaPorte,IN-LaPorte,0,0
Lawrence,IN-Lawrence,0,0
Madison,IN-Madison,0,0
Marion,IN-Marion,0,0
Marshall,IN-Marshall,0,0
Martin,IN-Martin,0,0
Miami,IN-Miami,0,0
Monroe,IN-Monroe,0,0
Montgomery,IN-Montgomery,0,0
Morgan,IN-Morgan,0,0
Newton,IN-Newton,0,0
Noble,IN-Noble,0,0
Ohio,IN-Ohio,0,0
Orange,IN-Orange,0,0
Owen,IN-Owen,0,0
Parke,IN-Parke,0,0
St. Joseph,IN-St. Joseph,0,0
Perry,IN-Perry,0,0
Pike,IN-Pike,0,0
Porter,IN-Porter,0,0
Posey,IN-Posey,0,0
Pulaski,IN-Pulaski,0,0
Putnam,IN-Putnam,0,0
Randolph,IN-Randolph,0,0
Ripley,IN-Ripley,0,0
Rush,IN-Rush,0,0
Scott,IN-Scott,0,0
Shelby,IN-Shelby,0,0
Spencer,IN-Spencer,0,0
Starke,IN-Starke,0,0
Steuben,IN-Steuben,0,0
Sullivan,IN-Sullivan,0,0
Switzerland,IN-Switzerland,0,0
Tippecanoe,IN-Tippecanoe,0,0
Tipton,IN-Tipton,0,0
Union,IN-Union,0,0
Vanderburgh,IN-Vanderburgh,0,0
Vermillion,IN-Vermillion,0,0
Vigo,IN-Vigo,0,0
Wabash,IN-Wabash,0,0
Warren,IN-Warren,0,0
Whitley,IN-Whitley,0,0
Warrick,IN-Warrick,0,0
Washington,IN-Washington,0,0
Wayne,IN-Wayne,0,0
Wells,IN-Wells,0,0
White,IN-White,0,0
Allamakee,IA-Allamakee,0,0
Appanoose,IA-Appanoose,0,0
Audubon,IA-Audubon,0,0
Benton,IA-Benton,0,0
Black Hawk,IA-Black Hawk,0,0
Boone,IA-Boone,0,0
Buchanan,IA-Buchanan,0,0
Buena Vista,IA-Buena Vista,0,0
Butler,IA-Butler,0,0
Calhoun,IA-Calhoun,0,0
Dickinson,IA-Dickinson,0,0
Carroll,IA-Carroll,0,0
Cass,IA-Cass,0,0
Cedar,IA-Cedar,0,0
Cerro Gordo,IA-Cerro Gordo,0,0
Cherokee,IA-Cherokee,0,0
Clarke,IA-Clarke,0,0
Clay,IA-Clay,0,0
Clayton,IA-Clayton,0,0
Clinton,IA-Clinton,0,0
Crawford,IA-Crawford,0,0
Dallas,IA-Dallas,0,0
Davis,IA-Davis,0,0
Decatur,IA-Decatur,0,0
Delaware,IA-Delaware,0,0
Des Moines,IA-Des Moines,0,0
Hancock,IA-Hancock,0,0
Dubuque,IA-Dubuque,0,0
Emmet,IA-Emmet,0,0
Fayette,IA-Fayette,0,0
Floyd,IA-Floyd,0,0
Franklin,IA-Franklin,0,0
Hardin,IA-Hardin,0,0
Fremont,IA-Fremont,0,0
Greene,IA-Greene,0,0
Grundy,IA-Grundy,0,0
Guthrie,IA-Guthrie,0,0
Hamilton,IA-Hamilton,0,0
Harrison,IA-Harrison,0,0
Henry,IA-Henry,0,0
Howard,IA-Howard,0,0
Humboldt,IA-Humboldt,0,0
Ida,IA-Ida,0,0
Iowa,IA-Iowa,0,0
Jackson,IA-Jackson,0,0
Jasper,IA-Jasper,0,0
Jefferson,IA-Jefferson,0,0
Johnson,IA-Johnson,0,0
Jones,IA-Jones,0,0
Keokuk,IA-Keokuk,0,0
Kossuth,IA-Kossuth,0,0
Lee,IA-Lee,0,0
Osceola,IA-Osceola,0,0
Linn,IA-Linn,0,0
Louisa,IA-Louisa,0,0
Lucas,IA-Lucas,0,0
Lyon,IA-Lyon,0,0
Madison,IA-Madison,0,0
Mahaska,IA-Mahaska,0,0
Marion,IA-Marion,0,0
Marshall,IA-Marshall,0,0
Mills,IA-Mills,0,0
Mitchell,IA-Mitchell,0,0
Monona,IA-Monona,0,0
Monroe,IA-Monroe,0,0
Montgomery,IA-Montgomery,0,0
Muscatine,IA-Muscatine,0,0
O'Brien,IA-O'Brien,0,0
Page,IA-Page,0,0
Palo Alto,IA-Palo Alto,0,0
Plymouth,IA-Plymouth,0,0
Pocahontas,IA-Pocahontas,0,0
Polk,IA-Polk,0,0
Pottawattamie,IA-Pottawattamie,0,0
Wright,IA-Wright,0,0
Poweshiek,IA-Poweshiek,0,0
Ringgold,IA-Ringgold,0,0
Sac,IA-Sac,0,0
Scott,IA-Scott,0,0
Shelby,IA-Shelby,0,0
Allen,KS-Allen,0,0
Sioux,IA-Sioux,0,0
Story,IA-Story,0,0
Tama,IA-Tama,0,0
Taylor,IA-Taylor,0,0
Union,IA-Union,0,0
Van Buren,IA-Van Buren,0,0
Wapello,IA-Wapello,0,0
Warren,IA-Warren,0,0
Washington,IA-Washington,0,0
Wayne,IA-Wayne,0,0
Webster,IA-Webster,0,0
Winnebago,IA-Winnebago,0,0
Winneshiek,IA-Winneshiek,0,0
Woodbury,IA-Woodbury,0,0
Worth,IA-Worth,0,0
Atchison,KS-Atchison,0,0
Barber,KS-Barber,0,0
Barton,KS-Barton,0,0
Bourbon,KS-Bourbon,0,0
Brown,KS-Brown,0,0
Butler,KS-Butler,0,0
Chase,KS-Chase,0,0
Chautauqua,KS-Chautauqua,0,0
Cherokee,KS-Cherokee,0,0
Cheyenne,KS-Cheyenne,0,0
Clark,KS-Clark,0,0
Clay,KS-Clay,0,0
Cloud,KS-Cloud,0,0
Coffey,KS-Coffey,0,0
Comanche,KS-Comanche,0,0
Cowley,KS-Cowley,0,0
Crawford,KS-Crawford,0,0
Decatur,KS-Decatur,0,0
Dickinson,KS-Dickinson,0,0
Doniphan,KS-Doniphan,0,0
Douglas,KS-Douglas,0,0
Edwards,KS-Edwards,0,0
Elk,KS-Elk,0,0
Ellis,KS-Ellis,0,0
Ellsworth,KS-Ellsworth,0,0
Finney,KS-Finney,0,0
Ford,KS-Ford,0,0
Franklin,KS-Franklin,0,0
Geary,KS-Geary,0,0
Gove,KS-Gove,0,0
Graham,KS-Graham,0,0
Gray,KS-Gray,0,0
Greeley,KS-Greeley,0,0
Greenwood,KS-Greenwood,0,0
Hamilton,KS-Hamilton,0,0
Harper,KS-Harper,0,0
Harvey,KS-Harvey,0,0
Haskell,KS-Haskell,0,0
Hodgeman,KS-Hodgeman,0,0
Jackson,KS-Jackson,0,0
Jefferson,KS-Jefferson,0,0
Jewell,KS-Jewell,0,0
Johnson,KS-Johnson,0,0
Kearny,KS-Kearny,0,0
Kingman,KS-Kingman,0,0
Kiowa,KS-Kiowa,0,0
Labette,KS-Labette,0,0
Lane,KS-Lane,0,0
Leavenworth,KS-Leavenworth,0,0
Lincoln,KS-Lincoln,0,0
Linn,KS-Linn,0,0
Logan,KS-Logan,0,0
Lyon,KS-Lyon,0,0
McPherson,KS-McPherson,0,0
Marion,KS-Marion,0,0
Marshall,KS-Marshall,0,0
Meade,KS-Meade,0,0
Miami,KS-Miami,0,0
Mitchell,KS-Mitchell,0,0
Montgomery,KS-Montgomery,0,0
Morris,KS-Morris,0,0
Nemaha,KS-Nemaha,0,0
Neosho,KS-Neosho,0,0
Ness,KS-Ness,0,0
Norton,KS-Norton,0,0
Osage,KS-Osage,0,0
Osborne,KS-Osborne,0,0
Ottawa,KS-Ottawa,0,0
Pawnee,KS-Pawnee,0,0
Phillips,KS-Phillips,0,0
Pottawatomie,KS-Pottawatomie,0,0
Pratt,KS-Pratt,0,0
Rawlins,KS-Rawlins,0,0
Reno,KS-Reno,0,0
Republic,KS-Republic,0,0
Rice,KS-Rice,0,0
Riley,KS-Riley,0,0
Rooks,KS-Rooks,0,0
Rush,KS-Rush,0,0
Russell,KS-Russell,0,0
Saline,KS-Saline,0,0
Scott,KS-Scott,0,0
Sedgwick,KS-Sedgwick,0,0
Seward,KS-Seward,0,0
Shawnee,KS-Shawnee,0,0
Sheridan,KS-Sheridan,0,0
Sherman,KS-Sherman,0,0
Smith,KS-Smith,0,0
Stafford,KS-Stafford,0,0
Stanton,KS-Stanton,0,0
Stevens,KS-Stevens,0,0
Sumner,KS-Sumner,0,0
Thomas,KS-Thomas,0,0
Trego,KS-Trego,0,0
Wabaunsee,KS-Wabaunsee,0,0
Wallace,KS-Wallace,0,0
Washington,KS-Washington,0,0
Wichita,KS-Wichita,0,0
Wilson,KS-Wilson,0,0
Woodson,KS-Woodson,0,0
Wyandotte,KS-Wyandotte,0,0
Adair,KY-Adair,0,0
Allen,KY-Allen,0,0
Anderson,KY-Anderson,0,0
Ballard,KY-Ballard,0,0
Barren,KY-Barren,0,0
Bath,KY-Bath,0,0
Bell,KY-Bell,0,0
Boone,KY-Boone,0,0
Bourbon,KY-Bourbon,0,0
Boyd,KY-Boyd,0,0
Boyle,KY-Boyle,0,0
Bracken,KY-Bracken,0,0
Breathitt,KY-Breathitt,0,0
Breckinridge,KY-Breckinridge,0,0
Bullitt,KY-Bullitt,0,0
Butler,KY-Butler,0,0
Caldwell,KY-Caldwell,0,0
Calloway,KY-Calloway,0,0
Campbell,KY-Campbell,0,0
Carlisle,KY-Carlisle,0,0
Carroll,KY-Carroll,0,0
Carter,KY-Carter,0,0
Casey,KY-Casey,0,0
Christian,KY-Christian,0,0
Clark,KY-Clark,0,0
Clay,KY-Clay,0,0
Clinton,KY-Clinton,0,0
Crittenden,KY-Crittenden,0,0
Cumberland,KY-Cumberland,0,0
Daviess,KY-Daviess,0,0
Edmonson,KY-Edmonson,0,0
Elliott,KY-Elliott,0,0
Hickman,KY-Hickman,0,0
Estill,KY-Estill,0,0
Fayette,KY-Fayette,0,0
Fleming,KY-Fleming,0,0
Floyd,KY-Floyd,0,0
Franklin,KY-Franklin,0,0
Fulton,KY-Fulton,0,0
Gallatin,KY-Gallatin,0,0
Garrard,KY-Garrard,0,0
Grant,KY-Grant,0,0
Graves,KY-Graves,0,0
Grayson,KY-Grayson,0,0
Green,KY-Green,0,0
Greenup,KY-Greenup,0,0
Hancock,KY-Hancock,0,0
Hardin,KY-Hardin,0,0
Harlan,KY-Harlan,0,0
Harrison,KY-Harrison,0,0
Hart,KY-Hart,0,0
Henderson,KY-Henderson,0,0
Henry,KY-Henry,0,0
Hopkins,KY-Hopkins,0,0
Jackson,KY-Jackson,0,0
Jefferson,KY-Jefferson,0,0
Jessamine,KY-Jessamine,0,0
Johnson,KY-Johnson,0,0
Kenton,KY-Kenton,0,0
Leslie,KY-Leslie,0,0
Knott,KY-Knott,0,0
Knox,KY-Knox,0,0
Larue,KY-Larue,0,0
Laurel,KY-Laurel,0,0
Lawrence,KY-Lawrence,0,0
Lee,KY-Lee,0,0
Letcher,KY-Letcher,0,0
Lewis,KY-Lewis,0,0
Lincoln,KY-Lincoln,0,0
Livingston,KY-Livingston,0,0
Logan,KY-Logan,0,0
Lyon,KY-Lyon,0,0
McCracken,KY-McCracken,0,0
McCreary,KY-McCreary,0,0
McLean,KY-McLean,0,0
Madison,KY-Madison,0,0
Magoffin,KY-Magoffin,0,0
Marion,KY-Marion,0,0
Marshall,KY-Marshall,0,0
Martin,KY-Martin,0,0
Mason,KY-Mason,0,0
Meade,KY-Meade,0,0
Menifee,KY-Menifee,0,0
Mercer,KY-Mercer,0,0
Metcalfe,KY-Metcalfe,0,0
Monroe,KY-Monroe,0,0
Montgomery,KY-Montgomery,0,0
Morgan,KY-Morgan,0,0
Muhlenberg,KY-Muhlenberg,0,0
Nelson,KY-Nelson,0,0
Nicholas,KY-Nicholas,0,0
Ohio,KY-Ohio,0,0
Oldham,KY-Oldham,0,0
Owen,KY-Owen,0,0
Owsley,KY-Owsley,0,0
Pendleton,KY-Pendleton,0,0
Perry,KY-Perry,0,0
Pike,KY-Pike,0,0
Powell,KY-Powell,0,0
Pulaski,KY-Pulaski,0,0
Robertson,KY-Robertson,0,0
Rockcastle,KY-Rockcastle,0,0
Rowan,KY-Rowan,0,0
Russell,KY-Russell,0,0
Scott,KY-Scott,0,0
Shelby,KY-Shelby,0,0
Simpson,KY-Simpson,0,0
Spencer,KY-Spencer,0,0
Taylor,KY-Taylor,0,0
Todd,KY-Todd,0,0
Trigg,KY-Trigg,0,0
Trimble,KY-Trimble,0,0
Union,KY-Union,0,0
Warren,KY-Warren,0,0
Washington,KY-Washington,0,0
Wayne,KY-Wayne,0,0
Webster,KY-Webster,0,0
Whitley,KY-Whitley,0,0
McLeod,MN-McLeod,0,0
Wolfe,KY-Wolfe,0,0
Woodford,KY-Woodford,0,0
Acadia,LA-Acadia,0,0
Allen,LA-Allen,0,0
Isabella,MI-Isabella,0,0
Ascension,LA-Ascension,0,0
Assumption,LA-Assumption,0,0
Avoyelles,LA-Avoyelles,0,0
Beauregard,LA-Beauregard,0,0
Bienville,LA-Bienville,0,0
Bossier,LA-Bossier,0,0
Caddo,LA-Caddo,0,0
Calcasieu,LA-Calcasieu,0,0
Rock,NE-Rock,0,0
Caldwell,LA-Caldwell,0,0
Cameron,LA-Cameron,0,0
Catahoula,LA-Catahoula,0,0
Claiborne,LA-Claiborne,0,0
Concordia,LA-Concordia,0,0
De Soto,LA-De Soto,0,0
East Baton Rouge,LA-East Baton Rouge,0,0
East Carroll,LA-East Carroll,0,0
East Feliciana,LA-East Feliciana,0,0
Evangeline,LA-Evangeline,0,0
Lake,MI-Lake,0,0
Franklin,LA-Franklin,0,0
Grant,LA-Grant,0,0
Iberia,LA-Iberia,0,0
Iberville,LA-Iberville,0,0
Jackson,LA-Jackson,0,0
Lincoln,LA-Lincoln,0,0
Jefferson,LA-Jefferson,0,0
Jefferson Davis,LA-Jefferson Davis,0,0
Lafayette,LA-Lafayette,0,0
Lafourche,LA-Lafourche,0,0
La Salle,LA-La Salle,0,0
Mecosta,MI-Mecosta,0,0
Livingston,LA-Livingston,0,0
Madison,LA-Madison,0,0
Morehouse,LA-Morehouse,0,0
Natchitoches,LA-Natchitoches,0,0
Orleans,LA-Orleans,0,0
Presque Isle,MI-Presque Isle,0,0
Ouachita,LA-Ouachita,0,0
Plaquemines,LA-Plaquemines,0,0
Pointe Coupee,LA-Pointe Coupee,0,0
Rapides,LA-Rapides,0,0
Red River,LA-Red River,0,0
Richland,LA-Richland,0,0
Sabine,LA-Sabine,0,0
St. Bernard,LA-St. Bernard,0,0
St. Charles,LA-St. Charles,0,0
St. Helena,LA-St. Helena,0,0
St. James,LA-St. James,0,0
St. John the Baptist,LA-St. John the Baptist,0,0
St. Landry,LA-St. Landry,0,0
St. Martin,LA-St. Martin,0,0
Ingham,MI-Ingham,0,0
St. Mary,LA-St. Mary,0,0
St. Tammany,LA-St. Tammany,0,0
Tangipahoa,LA-Tangipahoa,0,0
Tensas,LA-Tensas,0,0
Terrebonne,LA-Terrebonne,0,0
Union,LA-Union,0,0
Vermilion,LA-Vermilion,0,0
Vernon,LA-Vernon,0,0
Washington,LA-Washington,0,0
Webster,LA-Webster,0,0
West Baton Rouge,LA-West Baton Rouge,0,0
West Carroll,LA-West Carroll,0,0
West Feliciana,LA-West Feliciana,0,0
Winn,LA-Winn,0,0
Androscoggin,ME-Androscoggin,0,0
Aroostook,ME-Aroostook,0,0
Cumberland,ME-Cumberland,0,0
Franklin,ME-Franklin,0,0
Hancock,ME-Hancock,0,0
Kennebec,ME-Kennebec,0,0
Knox,ME-Knox,0,0
Lincoln,ME-Lincoln,0,0
Oxford,ME-Oxford,0,0
Penobscot,ME-Penobscot,0,0
Piscataquis,ME-Piscataquis,0,0
Sagadahoc,ME-Sagadahoc,0,0
Somerset,ME-Somerset,0,0
Waldo,ME-Waldo,0,0
Washington,ME-Washington,0,0
York,ME-York,0,0
Allegany,MD-Allegany,0,0
Anne Arundel,MD-Anne Arundel,0,0
Baltimore,MD-Baltimore,0,0
Calvert,MD-Calvert,0,0
Caroline,MD-Caroline,0,0
Carroll,MD-Carroll,0,0
Cecil,MD-Cecil,0,0
Charles,MD-Charles,0,0
Dorchester,MD-Dorchester,0,0
Ionia,MI-Ionia,0,0
Frederick,MD-Frederick,0,0
Garrett,MD-Garrett,0,0
Harford,MD-Harford,0,0
Howard,MD-Howard,0,0
St. Mary's,MD-St. Mary's,0,0
Kent,MD-Kent,0,0
Montgomery,MD-Montgomery,0,0
Prince George's,MD-Prince George's,0,0
Queen Anne's,MD-Queen Anne's,0,0
Somerset,MD-Somerset,0,0
Talbot,MD-Talbot,0,0
Washington,MD-Washington,0,0
Wicomico,MD-Wicomico,0,0
Worcester,MD-Worcester,0,0
Baltimore,MD-Baltimore,0,0
Barnstable,MA-Barnstable,0,0
Berkshire,MA-Berkshire,0,0
Bristol,MA-Bristol,0,0
Dukes,MA-Dukes,0,0
Essex,MA-Essex,0,0
Franklin,MA-Franklin,0,0
Hampden,MA-Hampden,0,0
Hampshire,MA-Hampshire,0,0
Middlesex,MA-Middlesex,0,0
Nantucket,MA-Nantucket,0,0
Norfolk,MA-Norfolk,0,0
Iosco,MI-Iosco,0,0
Iron,MI-Iron,0,0
Plymouth,MA-Plymouth,0,0
Suffolk,MA-Suffolk,0,0
Worcester,MA-Worcester,0,0
Alcona,MI-Alcona,0,0
Alger,MI-Alger,0,0
Thomas,NE-Thomas,0,0
Allegan,MI-Allegan,0,0
Alpena,MI-Alpena,0,0
Antrim,MI-Antrim,0,0
Arenac,MI-Arenac,0,0
Baraga,MI-Baraga,0,0
Barry,MI-Barry,0,0
Bay,MI-Bay,0,0
Benzie,MI-Benzie,0,0
Berrien,MI-Berrien,0,0
Branch,MI-Branch,0,0
Calhoun,MI-Calhoun,0,0
Cass,MI-Cass,0,0
Charlevoix,MI-Charlevoix,0,0
Cheboygan,MI-Cheboygan,0,0
Dickinson,MI-Dickinson,0,0
Chippewa,MI-Chippewa,0,0
Clare,MI-Clare,0,0
Clinton,MI-Clinton,0,0
Crawford,MI-Crawford,0,0
Delta,MI-Delta,0,0
Eaton,MI-Eaton,0,0
Emmet,MI-Emmet,0,0
Genesee,MI-Genesee,0,0
Gladwin,MI-Gladwin,0,0
Gogebic,MI-Gogebic,0,0
Grand Traverse,MI-Grand Traverse,0,0
Gratiot,MI-Gratiot,0,0
Hillsdale,MI-Hillsdale,0,0
Houghton,MI-Houghton,0,0
Huron,MI-Huron,0,0
Jackson,MI-Jackson,0,0
Kalamazoo,MI-Kalamazoo,0,0
Kalkaska,MI-Kalkaska,0,0
Kent,MI-Kent,0,0
Keweenaw,MI-Keweenaw,0,0
Lapeer,MI-Lapeer,0,0
Leelanau,MI-Leelanau,0,0
Lenawee,MI-Lenawee,0,0
Livingston,MI-Livingston,0,0
Luce,MI-Luce,0,0
Mackinac,MI-Mackinac,0,0
Macomb,MI-Macomb,0,0
Manistee,MI-Manistee,0,0
Marquette,MI-Marquette,0,0
Mason,MI-Mason,0,0
Menominee,MI-Menominee,0,0
Midland,MI-Midland,0,0
Missaukee,MI-Missaukee,0,0
Monroe,MI-Monroe,0,0
Montcalm,MI-Montcalm,0,0
Montmorency,MI-Montmorency,0,0
Muskegon,MI-Muskegon,0,0
Newaygo,MI-Newaygo,0,0
Oakland,MI-Oakland,0,0
Oceana,MI-Oceana,0,0
Ogemaw,MI-Ogemaw,0,0
Ontonagon,MI-Ontonagon,0,0
Osceola,MI-Osceola,0,0
Oscoda,MI-Oscoda,0,0
Otsego,MI-Otsego,0,0
Ottawa,MI-Ottawa,0,0
Roscommon,MI-Roscommon,0,0
Saginaw,MI-Saginaw,0,0
St. Clair,MI-St. Clair,0,0
St. Joseph,MI-St. Joseph,0,0
Sanilac,MI-Sanilac,0,0
Schoolcraft,MI-Schoolcraft,0,0
Shiawassee,MI-Shiawassee,0,0
Tuscola,MI-Tuscola,0,0
Van Buren,MI-Van Buren,0,0
Washtenaw,MI-Washtenaw,0,0
Wayne,MI-Wayne,0,0
Wexford,MI-Wexford,0,0
Aitkin,MN-Aitkin,0,0
Anoka,MN-Anoka,0,0
Becker,MN-Becker,0,0
Beltrami,MN-Beltrami,0,0
Benton,MN-Benton,0,0
Big Stone,MN-Big Stone,0,0
Blue Earth,MN-Blue Earth,0,0
Brown,MN-Brown,0,0
Carlton,MN-Carlton,0,0
Carver,MN-Carver,0,0
Cass,MN-Cass,0,0
Chippewa,MN-Chippewa,0,0
Chisago,MN-Chisago,0,0
Clay,MN-Clay,0,0
Clearwater,MN-Clearwater,0,0
Cook,MN-Cook,0,0
Cottonwood,MN-Cottonwood,0,0
Crow Wing,MN-Crow Wing,0,0
Dakota,MN-Dakota,0,0
Dodge,MN-Dodge,0,0
Douglas,MN-Douglas,0,0
Faribault,MN-Faribault,0,0
Fillmore,MN-Fillmore,0,0
Freeborn,MN-Freeborn,0,0
Goodhue,MN-Goodhue,0,0
Grant,MN-Grant,0,0
Hennepin,MN-Hennepin,0,0
Kanabec,MN-Kanabec,0,0
Houston,MN-Houston,0,0
Hubbard,MN-Hubbard,0,0
Isanti,MN-Isanti,0,0
Itasca,MN-Itasca,0,0
Jackson,MN-Jackson,0,0
Kandiyohi,MN-Kandiyohi,0,0
Kittson,MN-Kittson,0,0
Koochiching,MN-Koochiching,0,0
Lac qui Parle,MN-Lac qui Parle,0,0
Lake,MN-Lake,0,0
Lake of the Woods,MN-Lake of the Woods,0,0
Le Sueur,MN-Le Sueur,0,0
Lincoln,MN-Lincoln,0,0
Marshall,MN-Marshall,0,0
Martin,MN-Martin,0,0
Meeker,MN-Meeker,0,0
Mille Lacs,MN-Mille Lacs,0,0
Morrison,MN-Morrison,0,0
Mower,MN-Mower,0,0
Murray,MN-Murray,0,0
Nicollet,MN-Nicollet,0,0
Nobles,MN-Nobles,0,0
Norman,MN-Norman,0,0
Olmsted,MN-Olmsted,0,0
Otter Tail,MN-Otter Tail,0,0
Pennington,MN-Pennington,0,0
Waseca,MN-Waseca,0,0
Pine,MN-Pine,0,0
Pipestone,MN-Pipestone,0,0
Polk,MN-Polk,0,0
Pope,MN-Pope,0,0
Ramsey,MN-Ramsey,0,0
Red Lake,MN-Red Lake,0,0
Redwood,MN-Redwood,0,0
Renville,MN-Renville,0,0
Rice,MN-Rice,0,0
Rock,MN-Rock,0,0
Roseau,MN-Roseau,0,0
St. Louis,MN-St. Louis,0,0
Grant,NE-Grant,0,0
Scott,MN-Scott,0,0
Sherburne,MN-Sherburne,0,0
Sibley,MN-Sibley,0,0
Stearns,MN-Stearns,0,0
Steele,MN-Steele,0,0
Stevens,MN-Stevens,0,0
Swift,MN-Swift,0,0
Todd,MN-Todd,0,0
Traverse,MN-Traverse,0,0
Wabasha,MN-Wabasha,0,0
Wadena,MN-Wadena,0,0
Washington,MN-Washington,0,0
Watonwan,MN-Watonwan,0,0
Wilkin,MN-Wilkin,0,0
Winona,MN-Winona,0,0
Carroll,MS-Carroll,0,0
Wright,MN-Wright,0,0
Yellow Medicine,MN-Yellow Medicine,0,0
Adams,MS-Adams,0,0
Alcorn,MS-Alcorn,0,0
Greeley,NE-Greeley,0,0
Amite,MS-Amite,0,0
Attala,MS-Attala,0,0
Benton,MS-Benton,0,0
Bolivar,MS-Bolivar,0,0
Calhoun,MS-Calhoun,0,0
Chickasaw,MS-Chickasaw,0,0
Choctaw,MS-Choctaw,0,0
Claiborne,MS-Claiborne,0,0
Clarke,MS-Clarke,0,0
Clay,MS-Clay,0,0
Coahoma,MS-Coahoma,0,0
Copiah,MS-Copiah,0,0
Covington,MS-Covington,0,0
DeSoto,MS-DeSoto,0,0
Forrest,MS-Forrest,0,0
Franklin,MS-Franklin,0,0
George,MS-George,0,0
Greene,MS-Greene,0,0
Grenada,MS-Grenada,0,0
Hancock,MS-Hancock,0,0
Harrison,MS-Harrison,0,0
Hinds,MS-Hinds,0,0
Holmes,MS-Holmes,0,0
Humphreys,MS-Humphreys,0,0
Jefferson Davis,MS-Jefferson Davis,0,0
Issaquena,MS-Issaquena,0,0
Itawamba,MS-Itawamba,0,0
Jackson,MS-Jackson,0,0
Jasper,MS-Jasper,0,0
Jefferson,MS-Jefferson,0,0
Jones,MS-Jones,0,0
Kemper,MS-Kemper,0,0
Lafayette,MS-Lafayette,0,0
Lamar,MS-Lamar,0,0
Lauderdale,MS-Lauderdale,0,0
Lawrence,MS-Lawrence,0,0
Leake,MS-Leake,0,0
Lee,MS-Lee,0,0
Leflore,MS-Leflore,0,0
Lincoln,MS-Lincoln,0,0
Lowndes,MS-Lowndes,0,0
Madison,MS-Madison,0,0
Marion,MS-Marion,0,0
Marshall,MS-Marshall,0,0
Monroe,MS-Monroe,0,0
Montgomery,MS-Montgomery,0,0
Neshoba,MS-Neshoba,0,0
Newton,MS-Newton,0,0
Noxubee,MS-Noxubee,0,0
Oktibbeha,MS-Oktibbeha,0,0
Panola,MS-Panola,0,0
Pearl River,MS-Pearl River,0,0
Perry,MS-Perry,0,0
Pike,MS-Pike,0,0
Pontotoc,MS-Pontotoc,0,0
Prentiss,MS-Prentiss,0,0
Quitman,MS-Quitman,0,0
Rankin,MS-Rankin,0,0
Scott,MS-Scott,0,0
Simpson,MS-Simpson,0,0
Smith,MS-Smith,0,0
Stone,MS-Stone,0,0
Sunflower,MS-Sunflower,0,0
Barton,MO-Barton,0,0
Tallahatchie,MS-Tallahatchie,0,0
Tate,MS-Tate,0,0
Tippah,MS-Tippah,0,0
Tishomingo,MS-Tishomingo,0,0
Tunica,MS-Tunica,0,0
Union,MS-Union,0,0
Walthall,MS-Walthall,0,0
Warren,MS-Warren,0,0
Washington,MS-Washington,0,0
Wayne,MS-Wayne,0,0
Webster,MS-Webster,0,0
Wilkinson,MS-Wilkinson,0,0
Winston,MS-Winston,0,0
Yalobusha,MS-Yalobusha,0,0
Yazoo,MS-Yazoo,0,0
Hall,NE-Hall,0,0
Adair,MO-Adair,0,0
Andrew,MO-Andrew,0,0
Atchison,MO-Atchison,0,0
Audrain,MO-Audrain,0,0
Barry,MO-Barry,0,0
Hooker,NE-Hooker,0,0
Bates,MO-Bates,0,0
Benton,MO-Benton,0,0
Bollinger,MO-Bollinger,0,0
Boone,MO-Boone,0,0
Buchanan,MO-Buchanan,0,0
Butler,MO-Butler,0,0
Caldwell,MO-Caldwell,0,0
Callaway,MO-Callaway,0,0
Camden,MO-Camden,0,0
Cape Girardeau,MO-Cape Girardeau,0,0
Carroll,MO-Carroll,0,0
Carter,MO-Carter,0,0
Cass,MO-Cass,0,0
Cedar,MO-Cedar,0,0
Chariton,MO-Chariton,0,0
Christian,MO-Christian,0,0
Clark,MO-Clark,0,0
Clay,MO-Clay,0,0
Clinton,MO-Clinton,0,0
Cole,MO-Cole,0,0
Daviess,MO-Daviess,0,0
Cooper,MO-Cooper,0,0
Crawford,MO-Crawford,0,0
Dade,MO-Dade,0,0
Dallas,MO-Dallas,0,0
DeKalb,MO-DeKalb,0,0
Dent,MO-Dent,0,0
Douglas,MO-Douglas,0,0
Dunklin,MO-Dunklin,0,0
Franklin,MO-Franklin,0,0
Gasconade,MO-Gasconade,0,0
Gentry,MO-Gentry,0,0
Greene,MO-Greene,0,0
Grundy,MO-Grundy,0,0
Curry,NM-Curry,0,0
Harrison,MO-Harrison,0,0
Henry,MO-Henry,0,0
Hickory,MO-Hickory,0,0
Holt,MO-Holt,0,0
Howard,NE-Howard,0,0
Howard,MO-Howard,0,0
Howell,MO-Howell,0,0
Iron,MO-Iron,0,0
Jackson,MO-Jackson,0,0
Jasper,MO-Jasper,0,0
Jefferson,MO-Jefferson,0,0
Johnson,MO-Johnson,0,0
Knox,MO-Knox,0,0
Colfax,NE-Colfax,0,0
Laclede,MO-Laclede,0,0
Lafayette,MO-Lafayette,0,0
Lawrence,MO-Lawrence,0,0
Lewis,MO-Lewis,0,0
Lincoln,MO-Lincoln,0,0
Linn,MO-Linn,0,0
Livingston,MO-Livingston,0,0
McDonald,MO-McDonald,0,0
Macon,MO-Macon,0,0
Madison,MO-Madison,0,0
Maries,MO-Maries,0,0
Marion,MO-Marion,0,0
Mercer,MO-Mercer,0,0
Morgan,MO-Morgan,0,0
Miller,MO-Miller,0,0
Mississippi,MO-Mississippi,0,0
Moniteau,MO-Moniteau,0,0
Monroe,MO-Monroe,0,0
Montgomery,MO-Montgomery,0,0
New Madrid,MO-New Madrid,0,0
Newton,MO-Newton,0,0
Nodaway,MO-Nodaway,0,0
Oregon,MO-Oregon,0,0
Osage,MO-Osage,0,0
Ozark,MO-Ozark,0,0
Pemiscot,MO-Pemiscot,0,0
Perry,MO-Perry,0,0
Pettis,MO-Pettis,0,0
Phelps,MO-Phelps,0,0
Pike,MO-Pike,0,0
Platte,MO-Platte,0,0
Polk,MO-Polk,0,0
Jefferson,NE-Jefferson,0,0
Pulaski,MO-Pulaski,0,0
Putnam,MO-Putnam,0,0
Ralls,MO-Ralls,0,0
Randolph,MO-Randolph,0,0
Adams,NE-Adams,0,0
Ray,MO-Ray,0,0
Reynolds,MO-Reynolds,0,0
Ripley,MO-Ripley,0,0
Saline,MO-Saline,0,0
Schuyler,MO-Schuyler,0,0
Scotland,MO-Scotland,0,0
Scott,MO-Scott,0,0
Shannon,MO-Shannon,0,0
Shelby,MO-Shelby,0,0
St. Charles,MO-St. Charles,0,0
Box Butte,NE-Box Butte,0,0
St. Clair,MO-St. Clair,0,0
St. Francois,MO-St. Francois,0,0
St. Louis,MO-St. Louis,0,0
Ste. Genevieve,MO-Ste. Genevieve,0,0
Stoddard,MO-Stoddard,0,0
Stone,MO-Stone,0,0
Sullivan,MO-Sullivan,0,0
Taney,MO-Taney,0,0
Texas,MO-Texas,0,0
Franklin,NE-Franklin,0,0
Vernon,MO-Vernon,0,0
Warren,MO-Warren,0,0
Washington,MO-Washington,0,0
Wayne,MO-Wayne,0,0
Gosper,NE-Gosper,0,0
Webster,MO-Webster,0,0
Worth,MO-Worth,0,0
Wright,MO-Wright,0,0
St. Louis,MO-St. Louis,0,0
Beaverhead,MT-Beaverhead,0,0
Big Horn,MT-Big Horn,0,0
Blaine,MT-Blaine,0,0
Broadwater,MT-Broadwater,0,0
Carbon,MT-Carbon,0,0
Carter,MT-Carter,0,0
Cascade,MT-Cascade,0,0
Chouteau,MT-Chouteau,0,0
Custer,MT-Custer,0,0
Johnson,NE-Johnson,0,0
Daniels,MT-Daniels,0,0
Dawson,MT-Dawson,0,0
Deer Lodge,MT-Deer Lodge,0,0
Fallon,MT-Fallon,0,0
Fergus,MT-Fergus,0,0
Flathead,MT-Flathead,0,0
Gallatin,MT-Gallatin,0,0
Garfield,MT-Garfield,0,0
Glacier,MT-Glacier,0,0
Golden Valley,MT-Golden Valley,0,0
Granite,MT-Granite,0,0
Hill,MT-Hill,0,0
Jefferson,MT-Jefferson,0,0
Judith Basin,MT-Judith Basin,0,0
Lake,MT-Lake,0,0
Lewis and Clark,MT-Lewis and Clark,0,0
Liberty,MT-Liberty,0,0
Lincoln,MT-Lincoln,0,0
McCone,MT-McCone,0,0
Madison,MT-Madison,0,0
Meagher,MT-Meagher,0,0
Mineral,MT-Mineral,0,0
Missoula,MT-Missoula,0,0
Musselshell,MT-Musselshell,0,0
Park,MT-Park,0,0
Kearney,NE-Kearney,0,0
Petroleum,MT-Petroleum,0,0
Phillips,MT-Phillips,0,0
Pondera,MT-Pondera,0,0
Powder River,MT-Powder River,0,0
Powell,MT-Powell,0,0
Prairie,MT-Prairie,0,0
Ravalli,MT-Ravalli,0,0
Richland,MT-Richland,0,0
Roosevelt,MT-Roosevelt,0,0
Rosebud,MT-Rosebud,0,0
Sanders,MT-Sanders,0,0
Sheridan,MT-Sheridan,0,0
Silver Bow,MT-Silver Bow,0,0
Stillwater,MT-Stillwater,0,0
Sweet Grass,MT-Sweet Grass,0,0
Teton,MT-Teton,0,0
Toole,MT-Toole,0,0
Treasure,MT-Treasure,0,0
Valley,MT-Valley,0,0
Wheatland,MT-Wheatland,0,0
Wibaux,MT-Wibaux,0,0
Yellowstone,MT-Yellowstone,0,0
Antelope,NE-Antelope,0,0
Arthur,NE-Arthur,0,0
Banner,NE-Banner,0,0
Blaine,NE-Blaine,0,0
Boone,NE-Boone,0,0
Boyd,NE-Boyd,0,0
Brown,NE-Brown,0,0
Buffalo,NE-Buffalo,0,0
Burt,NE-Burt,0,0
Butler,NE-Butler,0,0
Cass,NE-Cass,0,0
Cedar,NE-Cedar,0,0
Chase,NE-Chase,0,0
Cherry,NE-Cherry,0,0
Cheyenne,NE-Cheyenne,0,0
Clay,NE-Clay,0,0
Cuming,NE-Cuming,0,0
Custer,NE-Custer,0,0
Dakota,NE-Dakota,0,0
Dawes,NE-Dawes,0,0
Dawson,NE-Dawson,0,0
Deuel,NE-Deuel,0,0
Dixon,NE-Dixon,0,0
Dodge,NE-Dodge,0,0
Douglas,NE-Douglas,0,0
Dundy,NE-Dundy,0,0
Fillmore,NE-Fillmore,0,0
Frontier,NE-Frontier,0,0
Furnas,NE-Furnas,0,0
Gage,NE-Gage,0,0
Garden,NE-Garden,0,0
Garfield,NE-Garfield,0,0
Hamilton,NE-Hamilton,0,0
Harlan,NE-Harlan,0,0
Hayes,NE-Hayes,0,0
Hitchcock,NE-Hitchcock,0,0
Holt,NE-Holt,0,0
Keith,NE-Keith,0,0
Keya Paha,NE-Keya Paha,0,0
Kimball,NE-Kimball,0,0
Knox,NE-Knox,0,0
Lancaster,NE-Lancaster,0,0
Lincoln,NE-Lincoln,0,0
Logan,NE-Logan,0,0
Madison,NE-Madison,0,0
McPherson,NE-McPherson,0,0
Merrick,NE-Merrick,0,0
Morrill,NE-Morrill,0,0
Nance,NE-Nance,0,0
Nemaha,NE-Nemaha,0,0
Nuckolls,NE-Nuckolls,0,0
Otoe,NE-Otoe,0,0
Pawnee,NE-Pawnee,0,0
Perkins,NE-Perkins,0,0
Phelps,NE-Phelps,0,0
Pierce,NE-Pierce,0,0
Platte,NE-Platte,0,0
Polk,NE-Polk,0,0
Red Willow,NE-Red Willow,0,0
Richardson,NE-Richardson,0,0
Saline,NE-Saline,0,0
Sarpy,NE-Sarpy,0,0
Saunders,NE-Saunders,0,0
Scotts Bluff,NE-Scotts Bluff,0,0
Seward,NE-Seward,0,0
Sheridan,NE-Sheridan,0,0
Sherman,NE-Sherman,0,0
Sioux,NE-Sioux,0,0
Stanton,NE-Stanton,0,0
Thayer,NE-Thayer,0,0
Thurston,NE-Thurston,0,0
Valley,NE-Valley,0,0
Washington,NE-Washington,0,0
Wayne,NE-Wayne,0,0
Webster,NE-Webster,0,0
Wheeler,NE-Wheeler,0,0
York,NE-York,0,0
Churchill,NV-Churchill,0,0
Clark,NV-Clark,0,0
Douglas,NV-Douglas,0,0
Elko,NV-Elko,0,0
Esmeralda,NV-Esmeralda,0,0
Eureka,NV-Eureka,0,0
Humboldt,NV-Humboldt,0,0
Lander,NV-Lander,0,0
Lincoln,NV-Lincoln,0,0
Lyon,NV-Lyon,0,0
Pamlico,NC-Pamlico,0,0
Mineral,NV-Mineral,0,0
Nye,NV-Nye,0,0
Pershing,NV-Pershing,0,0
Storey,NV-Storey,0,0
Washoe,NV-Washoe,0,0
White Pine,NV-White Pine,0,0
De Baca,NM-De Baca,0,0
Carson City,NV-Carson City,0,0
Belknap,NH-Belknap,0,0
Carroll,NH-Carroll,0,0
Cheshire,NH-Cheshire,0,0
Coos,NH-Coos,0,0
Grafton,NH-Grafton,0,0
Hillsborough,NH-Hillsborough,0,0
Merrimack,NH-Merrimack,0,0
Rockingham,NH-Rockingham,0,0
Strafford,NH-Strafford,0,0
Sullivan,NH-Sullivan,0,0
Atlantic,NJ-Atlantic,0,0
Bergen,NJ-Bergen,0,0
Burlington,NJ-Burlington,0,0
Camden,NJ-Camden,0,0
Cape May,NJ-Cape May,0,0
Cumberland,NJ-Cumberland,0,0
Essex,NJ-Essex,0,0
Gloucester,NJ-Gloucester,0,0
Hudson,NJ-Hudson,0,0
Hunterdon,NJ-Hunterdon,0,0
Mercer,NJ-Mercer,0,0
Middlesex,NJ-Middlesex,0,0
Monmouth,NJ-Monmouth,0,0
Morris,NJ-Morris,0,0
Ocean,NJ-Ocean,0,0
Passaic,NJ-Passaic,0,0
Salem,NJ-Salem,0,0
Somerset,NJ-Somerset,0,0
Sussex,NJ-Sussex,0,0
Union,NJ-Union,0,0
Warren,NJ-Warren,0,0
Bernalillo,NM-Bernalillo,0,0
Catron,NM-Catron,0,0
Chaves,NM-Chaves,0,0
Cibola,NM-Cibola,0,0
Colfax,NM-Colfax,0,0
Dona Ana,NM-Dona Ana,0,0
Eddy,NM-Eddy,0,0
Grant,NM-Grant,0,0
Guadalupe,NM-Guadalupe,0,0
Taos,NM-Taos,0,0
Harding,NM-Harding,0,0
Hidalgo,NM-Hidalgo,0,0
Lea,NM-Lea,0,0
Lincoln,NM-Lincoln,0,0
Los Alamos,NM-Los Alamos,0,0
Kings,NY-Kings,0,0
Luna,NM-Luna,0,0
McKinley,NM-McKinley,0,0
Mora,NM-Mora,0,0
Otero,NM-Otero,0,0
Quay,NM-Quay,0,0
Rio Arriba,NM-Rio Arriba,0,0
Roosevelt,NM-Roosevelt,0,0
Sandoval,NM-Sandoval,0,0
San Juan,NM-San Juan,0,0
San Miguel,NM-San Miguel,0,0
Santa Fe,NM-Santa Fe,0,0
Sierra,NM-Sierra,0,0
Socorro,NM-Socorro,0,0
Torrance,NM-Torrance,0,0
Union,NM-Union,0,0
Valencia,NM-Valencia,0,0
Albany,NY-Albany,0,0
Allegany,NY-Allegany,0,0
Bronx,NY-Bronx,0,0
Broome,NY-Broome,0,0
Cattaraugus,NY-Cattaraugus,0,0
Nassau,NY-Nassau,0,0
Cayuga,NY-Cayuga,0,0
Chautauqua,NY-Chautauqua,0,0
Chemung,NY-Chemung,0,0
Chenango,NY-Chenango,0,0
Lewis,NY-Lewis,0,0
Clinton,NY-Clinton,0,0
Columbia,NY-Columbia,0,0
Cortland,NY-Cortland,0,0
Delaware,NY-Delaware,0,0
Dutchess,NY-Dutchess,0,0
Erie,NY-Erie,0,0
Essex,NY-Essex,0,0
Franklin,NY-Franklin,0,0
Fulton,NY-Fulton,0,0
Genesee,NY-Genesee,0,0
Greene,NY-Greene,0,0
Hamilton,NY-Hamilton,0,0
Herkimer,NY-Herkimer,0,0
Jefferson,NY-Jefferson,0,0
Livingston,NY-Livingston,0,0
Madison,NY-Madison,0,0
Monroe,NY-Monroe,0,0
Montgomery,NY-Montgomery,0,0
Alexander,NC-Alexander,0,0
New York,NY-New York,0,0
Niagara,NY-Niagara,0,0
Oneida,NY-Oneida,0,0
Onondaga,NY-Onondaga,0,0
Alleghany,NC-Alleghany,0,0
Ontario,NY-Ontario,0,0
Orange,NY-Orange,0,0
Orleans,NY-Orleans,0,0
Oswego,NY-Oswego,0,0
Otsego,NY-Otsego,0,0
Putnam,NY-Putnam,0,0
Queens,NY-Queens,0,0
Rensselaer,NY-Rensselaer,0,0
Richmond,NY-Richmond,0,0
Rockland,NY-Rockland,0,0
St. Lawrence,NY-St. Lawrence,0,0
Saratoga,NY-Saratoga,0,0
Schenectady,NY-Schenectady,0,0
Schoharie,NY-Schoharie,0,0
Schuyler,NY-Schuyler,0,0
Seneca,NY-Seneca,0,0
Steuben,NY-Steuben,0,0
Suffolk,NY-Suffolk,0,0
Sullivan,NY-Sullivan,0,0
Tioga,NY-Tioga,0,0
Tompkins,NY-Tompkins,0,0
Ulster,NY-Ulster,0,0
Warren,NY-Warren,0,0
Washington,NY-Washington,0,0
Anson,NC-Anson,0,0
Wayne,NY-Wayne,0,0
Westchester,NY-Westchester,0,0
Wyoming,NY-Wyoming,0,0
Yates,NY-Yates,0,0
Alamance,NC-Alamance,0,0
Ashe,NC-Ashe,0,0
Avery,NC-Avery,0,0
Beaufort,NC-Beaufort,0,0
Bertie,NC-Bertie,0,0
Bladen,NC-Bladen,0,0
Brunswick,NC-Brunswick,0,0
Buncombe,NC-Buncombe,0,0
Burke,NC-Burke,0,0
Cabarrus,NC-Cabarrus,0,0
Caldwell,NC-Caldwell,0,0
Camden,NC-Camden,0,0
Carteret,NC-Carteret,0,0
Caswell,NC-Caswell,0,0
Catawba,NC-Catawba,0,0
Chatham,NC-Chatham,0,0
Hettinger,ND-Hettinger,0,0
Cherokee,NC-Cherokee,0,0
Chowan,NC-Chowan,0,0
Clay,NC-Clay,0,0
Cleveland,NC-Cleveland,0,0
Polk,NC-Polk,0,0
Columbus,NC-Columbus,0,0
Craven,NC-Craven,0,0
Cumberland,NC-Cumberland,0,0
Currituck,NC-Currituck,0,0
Dare,NC-Dare,0,0
Davidson,NC-Davidson,0,0
Davie,NC-Davie,0,0
Duplin,NC-Duplin,0,0
Durham,NC-Durham,0,0
Vance,NC-Vance,0,0
Edgecombe,NC-Edgecombe,0,0
Forsyth,NC-Forsyth,0,0
Franklin,NC-Franklin,0,0
Gaston,NC-Gaston,0,0
Gates,NC-Gates,0,0
Graham,NC-Graham,0,0
Granville,NC-Granville,0,0
Greene,NC-Greene,0,0
Guilford,NC-Guilford,0,0
Jackson,NC-Jackson,0,0
Halifax,NC-Halifax,0,0
Harnett,NC-Harnett,0,0
Haywood,NC-Haywood,0,0
Henderson,NC-Henderson,0,0
Hertford,NC-Hertford,0,0
Hoke,NC-Hoke,0,0
Hyde,NC-Hyde,0,0
Iredell,NC-Iredell,0,0
Johnston,NC-Johnston,0,0
Jones,NC-Jones,0,0
Lee,NC-Lee,0,0
Lenoir,NC-Lenoir,0,0
Lincoln,NC-Lincoln,0,0
McDowell,NC-McDowell,0,0
Macon,NC-Macon,0,0
Madison,NC-Madison,0,0
Martin,NC-Martin,0,0
Mecklenburg,NC-Mecklenburg,0,0
Mitchell,NC-Mitchell,0,0
Montgomery,NC-Montgomery,0,0
Moore,NC-Moore,0,0
Nash,NC-Nash,0,0
New Hanover,NC-New Hanover,0,0
Northampton,NC-Northampton,0,0
Onslow,NC-Onslow,0,0
Orange,NC-Orange,0,0
Hughes,SD-Hughes,0,0
Pasquotank,NC-Pasquotank,0,0
Pender,NC-Pender,0,0
Perquimans,NC-Perquimans,0,0
Person,NC-Person,0,0
Pitt,NC-Pitt,0,0
Randolph,NC-Randolph,0,0
Richmond,NC-Richmond,0,0
Robeson,NC-Robeson,0,0
Rockingham,NC-Rockingham,0,0
Pleasants,WV-Pleasants,0,0
Rowan,NC-Rowan,0,0
Rutherford,NC-Rutherford,0,0
Sampson,NC-Sampson,0,0
Scotland,NC-Scotland,0,0
Stanly,NC-Stanly,0,0
Stokes,NC-Stokes,0,0
Surry,NC-Surry,0,0
Swain,NC-Swain,0,0
Transylvania,NC-Transylvania,0,0
Tyrrell,NC-Tyrrell,0,0
Union,NC-Union,0,0
Wake,NC-Wake,0,0
Warren,NC-Warren,0,0
Washington,NC-Washington,0,0
Watauga,NC-Watauga,0,0
Wayne,NC-Wayne,0,0
Wilkes,NC-Wilkes,0,0
Wilson,NC-Wilson,0,0
Yadkin,NC-Yadkin,0,0
Yancey,NC-Yancey,0,0
Adams,ND-Adams,0,0
Barnes,ND-Barnes,0,0
Benson,ND-Benson,0,0
Billings,ND-Billings,0,0
Griggs,ND-Griggs,0,0
Bottineau,ND-Bottineau,0,0
Bowman,ND-Bowman,0,0
Burke,ND-Burke,0,0
Burleigh,ND-Burleigh,0,0
Cass,ND-Cass,0,0
Cavalier,ND-Cavalier,0,0
Dickey,ND-Dickey,0,0
Divide,ND-Divide,0,0
Dunn,ND-Dunn,0,0
Eddy,ND-Eddy,0,0
Emmons,ND-Emmons,0,0
Foster,ND-Foster,0,0
Golden Valley,ND-Golden Valley,0,0
Grand Forks,ND-Grand Forks,0,0
Grant,ND-Grant,0,0
Kidder,ND-Kidder,0,0
LaMoure,ND-LaMoure,0,0
Logan,ND-Logan,0,0
McHenry,ND-McHenry,0,0
McIntosh,ND-McIntosh,0,0
McKenzie,ND-McKenzie,0,0
McLean,ND-McLean,0,0
Mercer,ND-Mercer,0,0
Morton,ND-Morton,0,0
Mountrail,ND-Mountrail,0,0
Nelson,ND-Nelson,0,0
Oliver,ND-Oliver,0,0
Pembina,ND-Pembina,0,0
Pierce,ND-Pierce,0,0
Ramsey,ND-Ramsey,0,0
Ransom,ND-Ransom,0,0
Renville,ND-Renville,0,0
Richland,ND-Richland,0,0
Rolette,ND-Rolette,0,0
Sargent,ND-Sargent,0,0
Sheridan,ND-Sheridan,0,0
Sioux,ND-Sioux,0,0
Slope,ND-Slope,0,0
Stark,ND-Stark,0,0
Allen,OH-Allen,0,0
Steele,ND-Steele,0,0
Stutsman,ND-Stutsman,0,0
Towner,ND-Towner,0,0
Traill,ND-Traill,0,0
Walsh,ND-Walsh,0,0
Ward,ND-Ward,0,0
Wells,ND-Wells,0,0
Williams,ND-Williams,0,0
Adams,OH-Adams,0,0
Ashland,OH-Ashland,0,0
Ashtabula,OH-Ashtabula,0,0
Athens,OH-Athens,0,0
Auglaize,OH-Auglaize,0,0
Belmont,OH-Belmont,0,0
Brown,OH-Brown,0,0
Butler,OH-Butler,0,0
Carroll,OH-Carroll,0,0
Champaign,OH-Champaign,0,0
Clark,OH-Clark,0,0
Clermont,OH-Clermont,0,0
Clinton,OH-Clinton,0,0
Columbiana,OH-Columbiana,0,0
Coshocton,OH-Coshocton,0,0
Crawford,OH-Crawford,0,0
Cuyahoga,OH-Cuyahoga,0,0
Darke,OH-Darke,0,0
Defiance,OH-Defiance,0,0
Miner,SD-Miner,0,0
Delaware,OH-Delaware,0,0
Erie,OH-Erie,0,0
Fairfield,OH-Fairfield,0,0
Fayette,OH-Fayette,0,0
Harrison,OH-Harrison,0,0
Franklin,OH-Franklin,0,0
Fulton,OH-Fulton,0,0
Gallia,OH-Gallia,0,0
Geauga,OH-Geauga,0,0
Greene,OH-Greene,0,0
Guernsey,OH-Guernsey,0,0
Hamilton,OH-Hamilton,0,0
Hancock,OH-Hancock,0,0
Hardin,OH-Hardin,0,0
Henry,OH-Henry,0,0
Highland,OH-Highland,0,0
Hocking,OH-Hocking,0,0
Holmes,OH-Holmes,0,0
Huron,OH-Huron,0,0
Jackson,OH-Jackson,0,0
Jefferson,OH-Jefferson,0,0
Knox,OH-Knox,0,0
Lake,OH-Lake,0,0
Lawrence,OH-Lawrence,0,0
Licking,OH-Licking,0,0
Logan,OH-Logan,0,0
Lorain,OH-Lorain,0,0
Lucas,OH-Lucas,0,0
Madison,OH-Madison,0,0
Mahoning,OH-Mahoning,0,0
Richland,OH-Richland,0,0
Marion,OH-Marion,0,0
Medina,OH-Medina,0,0
Meigs,OH-Meigs,0,0
Mercer,OH-Mercer,0,0
Miami,OH-Miami,0,0
Monroe,OH-Monroe,0,0
Montgomery,OH-Montgomery,0,0
Morgan,OH-Morgan,0,0
Morrow,OH-Morrow,0,0
Muskingum,OH-Muskingum,0,0
Noble,OH-Noble,0,0
Ottawa,OH-Ottawa,0,0
Paulding,OH-Paulding,0,0
Perry,OH-Perry,0,0
Pickaway,OH-Pickaway,0,0
Pike,OH-Pike,0,0
Portage,OH-Portage,0,0
Preble,OH-Preble,0,0
Putnam,OH-Putnam,0,0
Ross,OH-Ross,0,0
Sandusky,OH-Sandusky,0,0
Scioto,OH-Scioto,0,0
Seneca,OH-Seneca,0,0
Shelby,OH-Shelby,0,0
Stark,OH-Stark,0,0
Summit,OH-Summit,0,0
Trumbull,OH-Trumbull,0,0
Adair,OK-Adair,0,0
Tuscarawas,OH-Tuscarawas,0,0
Union,OH-Union,0,0
Van Wert,OH-Van Wert,0,0
Vinton,OH-Vinton,0,0
Warren,OH-Warren,0,0
Washington,OH-Washington,0,0
Wayne,OH-Wayne,0,0
Williams,OH-Williams,0,0
Wood,OH-Wood,0,0
Wyandot,OH-Wyandot,0,0
Alfalfa,OK-Alfalfa,0,0
Atoka,OK-Atoka,0,0
Beaver,OK-Beaver,0,0
Beckham,OK-Beckham,0,0
Blaine,OK-Blaine,0,0
Bryan,OK-Bryan,0,0
Caddo,OK-Caddo,0,0
Canadian,OK-Canadian,0,0
Carter,OK-Carter,0,0
Cherokee,OK-Cherokee,0,0
Choctaw,OK-Choctaw,0,0
Cimarron,OK-Cimarron,0,0
Cleveland,OK-Cleveland,0,0
Coal,OK-Coal,0,0
Comanche,OK-Comanche,0,0
Cotton,OK-Cotton,0,0
Craig,OK-Craig,0,0
Creek,OK-Creek,0,0
Custer,OK-Custer,0,0
Dickenson,VA-Dickenson,0,0
Delaware,OK-Delaware,0,0
Dewey,OK-Dewey,0,0
Ellis,OK-Ellis,0,0
Garfield,OK-Garfield,0,0
Ziebach,SD-Ziebach,0,0
Garvin,OK-Garvin,0,0
Grady,OK-Grady,0,0
Grant,OK-Grant,0,0
Greer,OK-Greer,0,0
Harmon,OK-Harmon,0,0
Dinwiddie,VA-Dinwiddie,0,0
Harper,OK-Harper,0,0
Haskell,OK-Haskell,0,0
Hughes,OK-Hughes,0,0
Jackson,OK-Jackson,0,0
Galax,VA-Galax,0,0
Jefferson,OK-Jefferson,0,0
Johnston,OK-Johnston,0,0
Kay,OK-Kay,0,0
Kingfisher,OK-Kingfisher,0,0
McClain,OK-McClain,0,0
McCurtain,OK-McCurtain,0,0
Kiowa,OK-Kiowa,0,0
Latimer,OK-Latimer,0,0
Le Flore,OK-Le Flore,0,0
Lincoln,OK-Lincoln,0,0
Logan,OK-Logan,0,0
Love,OK-Love,0,0
McIntosh,OK-McIntosh,0,0
Major,OK-Major,0,0
Marshall,OK-Marshall,0,0
Mayes,OK-Mayes,0,0
Murray,OK-Murray,0,0
Prince George,VA-Prince George,0,0
Prince William,VA-Prince William,0,0
Pulaski,VA-Pulaski,0,0
Muskogee,OK-Muskogee,0,0
Noble,OK-Noble,0,0
Nowata,OK-Nowata,0,0
Okfuskee,OK-Okfuskee,0,0
Oklahoma,OK-Oklahoma,0,0
Okmulgee,OK-Okmulgee,0,0
Osage,OK-Osage,0,0
Ottawa,OK-Ottawa,0,0
Pawnee,OK-Pawnee,0,0
Payne,OK-Payne,0,0
Pittsburg,OK-Pittsburg,0,0
Pontotoc,OK-Pontotoc,0,0
Pottawatomie,OK-Pottawatomie,0,0
Pushmataha,OK-Pushmataha,0,0
Roger Mills,OK-Roger Mills,0,0
Rogers,OK-Rogers,0,0
Seminole,OK-Seminole,0,0
Sequoyah,OK-Sequoyah,0,0
Stephens,OK-Stephens,0,0
Texas,OK-Texas,0,0
Aurora,SD-Aurora,0,0
Tillman,OK-Tillman,0,0
Tulsa,OK-Tulsa,0,0
Wagoner,OK-Wagoner,0,0
Washington,OK-Washington,0,0
Washita,OK-Washita,0,0
Woods,OK-Woods,0,0
Woodward,OK-Woodward,0,0
Baker,OR-Baker,0,0
Benton,OR-Benton,0,0
Brule,SD-Brule,0,0
Clackamas,OR-Clackamas,0,0
Clatsop,OR-Clatsop,0,0
Columbia,OR-Columbia,0,0
Coos,OR-Coos,0,0
Crook,OR-Crook,0,0
Curry,OR-Curry,0,0
Deschutes,OR-Deschutes,0,0
Douglas,OR-Douglas,0,0
Gilliam,OR-Gilliam,0,0
Grant,OR-Grant,0,0
Harney,OR-Harney,0,0
Hood River,OR-Hood River,0,0
Jackson,OR-Jackson,0,0
Crawford,PA-Crawford,0,0
Jefferson,OR-Jefferson,0,0
Josephine,OR-Josephine,0,0
Klamath,OR-Klamath,0,0
Lake,OR-Lake,0,0
Lane,OR-Lane,0,0
Lincoln,OR-Lincoln,0,0
Linn,OR-Linn,0,0
Malheur,OR-Malheur,0,0
Marion,OR-Marion,0,0
Morrow,OR-Morrow,0,0
Multnomah,OR-Multnomah,0,0
Polk,OR-Polk,0,0
Sherman,OR-Sherman,0,0
Tillamook,OR-Tillamook,0,0
Umatilla,OR-Umatilla,0,0
Union,OR-Union,0,0
Wallowa,OR-Wallowa,0,0
Wasco,OR-Wasco,0,0
Washington,OR-Washington,0,0
Wheeler,OR-Wheeler,0,0
Yamhill,OR-Yamhill,0,0
Adams,PA-Adams,0,0
Allegheny,PA-Allegheny,0,0
Armstrong,PA-Armstrong,0,0
Beaver,PA-Beaver,0,0
Bedford,PA-Bedford,0,0
Berks,PA-Berks,0,0
Blair,PA-Blair,0,0
Bradford,PA-Bradford,0,0
Bucks,PA-Bucks,0,0
Butler,PA-Butler,0,0
Cambria,PA-Cambria,0,0
Cameron,PA-Cameron,0,0
Carbon,PA-Carbon,0,0
Bristol,RI-Bristol,0,0
Centre,PA-Centre,0,0
Chester,PA-Chester,0,0
Clarion,PA-Clarion,0,0
Clearfield,PA-Clearfield,0,0
Clinton,PA-Clinton,0,0
Columbia,PA-Columbia,0,0
Cumberland,PA-Cumberland,0,0
Dauphin,PA-Dauphin,0,0
Delaware,PA-Delaware,0,0
Elk,PA-Elk,0,0
Erie,PA-Erie,0,0
Buffalo,SD-Buffalo,0,0
Fayette,PA-Fayette,0,0
Forest,PA-Forest,0,0
Franklin,PA-Franklin,0,0
Fulton,PA-Fulton,0,0
Greene,PA-Greene,0,0
Huntingdon,PA-Huntingdon,0,0
Faulk,SD-Faulk,0,0
Indiana,PA-Indiana,0,0
Jefferson,PA-Jefferson,0,0
Juniata,PA-Juniata,0,0
Lackawanna,PA-Lackawanna,0,0
Hanson,SD-Hanson,0,0
Lancaster,PA-Lancaster,0,0
Lawrence,PA-Lawrence,0,0
Lebanon,PA-Lebanon,0,0
Lehigh,PA-Lehigh,0,0
Luzerne,PA-Luzerne,0,0
Lycoming,PA-Lycoming,0,0
Franklin,VA-Franklin,0,0
McKean,PA-McKean,0,0
Mercer,PA-Mercer,0,0
Mifflin,PA-Mifflin,0,0
Monroe,PA-Monroe,0,0
Montgomery,PA-Montgomery,0,0
Armstrong,TX-Armstrong,0,0
Montour,PA-Montour,0,0
Northampton,PA-Northampton,0,0
Northumberland,PA-Northumberland,0,0
Perry,PA-Perry,0,0
Philadelphia,PA-Philadelphia,0,0
Atascosa,TX-Atascosa,0,0
Pike,PA-Pike,0,0
Potter,PA-Potter,0,0
Schuylkill,PA-Schuylkill,0,0
Snyder,PA-Snyder,0,0
Somerset,PA-Somerset,0,0
Fredericksburg,VA-Fredericksburg,0,0
Sullivan,PA-Sullivan,0,0
Susquehanna,PA-Susquehanna,0,0
Tioga,PA-Tioga,0,0
Union,PA-Union,0,0
Venango,PA-Venango,0,0
Warren,PA-Warren,0,0
Washington,PA-Washington,0,0
Wayne,PA-Wayne,0,0
Westmoreland,PA-Westmoreland,0,0
Wyoming,PA-Wyoming,0,0
York,PA-York,0,0
Kent,RI-Kent,0,0
Newport,RI-Newport,0,0
Providence,RI-Providence,0,0
Washington,RI-Washington,0,0
Abbeville,SC-Abbeville,0,0
Aiken,SC-Aiken,0,0
Marion,SC-Marion,0,0
Allendale,SC-Allendale,0,0
Anderson,SC-Anderson,0,0
Bamberg,SC-Bamberg,0,0
Barnwell,SC-Barnwell,0,0
Beaufort,SC-Beaufort,0,0
Childress,TX-Childress,0,0
Berkeley,SC-Berkeley,0,0
Calhoun,SC-Calhoun,0,0
Charleston,SC-Charleston,0,0
Cherokee,SC-Cherokee,0,0
Chester,SC-Chester,0,0
Collingsworth,TX-Collingsworth,0,0
Chesterfield,SC-Chesterfield,0,0
Clarendon,SC-Clarendon,0,0
Colleton,SC-Colleton,0,0
Darlington,SC-Darlington,0,0
Lexington,VA-Lexington,0,0
Dillon,SC-Dillon,0,0
Dorchester,SC-Dorchester,0,0
Edgefield,SC-Edgefield,0,0
Fairfield,SC-Fairfield,0,0
Florence,SC-Florence,0,0
Georgetown,SC-Georgetown,0,0
Greenville,SC-Greenville,0,0
Dallam,TX-Dallam,0,0
Greenwood,SC-Greenwood,0,0
Hampton,SC-Hampton,0,0
Horry,SC-Horry,0,0
Jasper,SC-Jasper,0,0
Kershaw,SC-Kershaw,0,0
Lancaster,SC-Lancaster,0,0
Laurens,SC-Laurens,0,0
Lee,SC-Lee,0,0
Lexington,SC-Lexington,0,0
McCormick,SC-McCormick,0,0
Marlboro,SC-Marlboro,0,0
Newberry,SC-Newberry,0,0
Oconee,SC-Oconee,0,0
Orangeburg,SC-Orangeburg,0,0
Pickens,SC-Pickens,0,0
Richland,SC-Richland,0,0
Saluda,SC-Saluda,0,0
Spartanburg,SC-Spartanburg,0,0
Sumter,SC-Sumter,0,0
Union,SC-Union,0,0
Williamsburg,SC-Williamsburg,0,0
York,SC-York,0,0
Beadle,SD-Beadle,0,0
Bennett,SD-Bennett,0,0
Bon Homme,SD-Bon Homme,0,0
Brookings,SD-Brookings,0,0
Brown,SD-Brown,0,0
Butte,SD-Butte,0,0
Campbell,SD-Campbell,0,0
Charles Mix,SD-Charles Mix,0,0
Clark,SD-Clark,0,0
Clay,SD-Clay,0,0
Codington,SD-Codington,0,0
Corson,SD-Corson,0,0
Custer,SD-Custer,0,0
Davison,SD-Davison,0,0
Day,SD-Day,0,0
Harding,SD-Harding,0,0
Deuel,SD-Deuel,0,0
Dewey,SD-Dewey,0,0
Douglas,SD-Douglas,0,0
Edmunds,SD-Edmunds,0,0
Fall River,SD-Fall River,0,0
Grant,SD-Grant,0,0
Gregory,SD-Gregory,0,0
Haakon,SD-Haakon,0,0
Hamlin,SD-Hamlin,0,0
Hand,SD-Hand,0,0
Hutchinson,SD-Hutchinson,0,0
Hyde,SD-Hyde,0,0
Jackson,SD-Jackson,0,0
Jerauld,SD-Jerauld,0,0
Jones,SD-Jones,0,0
Kingsbury,SD-Kingsbury,0,0
Lake,SD-Lake,0,0
Lawrence,SD-Lawrence,0,0
Lincoln,SD-Lincoln,0,0
Lyman,SD-Lyman,0,0
McCook,SD-McCook,0,0
McPherson,SD-McPherson,0,0
Marshall,SD-Marshall,0,0
Meade,SD-Meade,0,0
Mellette,SD-Mellette,0,0
Minnehaha,SD-Minnehaha,0,0
Moody,SD-Moody,0,0
Pennington,SD-Pennington,0,0
Perkins,SD-Perkins,0,0
Hancock,TN-Hancock,0,0
Potter,SD-Potter,0,0
Roberts,SD-Roberts,0,0
Sanborn,SD-Sanborn,0,0
Shannon,SD-Shannon,0,0
Hardeman,TN-Hardeman,0,0
Spink,SD-Spink,0,0
Stanley,SD-Stanley,0,0
Sully,SD-Sully,0,0
Todd,SD-Todd,0,0
Tripp,SD-Tripp,0,0
Turner,SD-Turner,0,0
Union,SD-Union,0,0
Walworth,SD-Walworth,0,0
Yankton,SD-Yankton,0,0
Floyd,TX-Floyd,0,0
Anderson,TN-Anderson,0,0
Bedford,TN-Bedford,0,0
Benton,TN-Benton,0,0
Bledsoe,TN-Bledsoe,0,0
Loving,TX-Loving,0,0
Blount,TN-Blount,0,0
Bradley,TN-Bradley,0,0
Campbell,TN-Campbell,0,0
Cannon,TN-Cannon,0,0
Aransas,TX-Aransas,0,0
Carroll,TN-Carroll,0,0
Carter,TN-Carter,0,0
Cheatham,TN-Cheatham,0,0
Chester,TN-Chester,0,0
Claiborne,TN-Claiborne,0,0
Clay,TN-Clay,0,0
Cocke,TN-Cocke,0,0
Coffee,TN-Coffee,0,0
Crockett,TN-Crockett,0,0
Cumberland,TN-Cumberland,0,0
Davidson,TN-Davidson,0,0
DeKalb,TN-DeKalb,0,0
Decatur,TN-Decatur,0,0
Dickson,TN-Dickson,0,0
Dyer,TN-Dyer,0,0
Fayette,TN-Fayette,0,0
Fentress,TN-Fentress,0,0
Franklin,TN-Franklin,0,0
Gibson,TN-Gibson,0,0
Giles,TN-Giles,0,0
Grainger,TN-Grainger,0,0
Greene,TN-Greene,0,0
Grundy,TN-Grundy,0,0
Hamblen,TN-Hamblen,0,0
Hamilton,TN-Hamilton,0,0
Hardin,TN-Hardin,0,0
Hawkins,TN-Hawkins,0,0
Haywood,TN-Haywood,0,0
Henderson,TN-Henderson,0,0
Henry,TN-Henry,0,0
Hickman,TN-Hickman,0,0
Houston,TN-Houston,0,0
Humphreys,TN-Humphreys,0,0
Lubbock,TX-Lubbock,0,0
Jackson,TN-Jackson,0,0
Jefferson,TN-Jefferson,0,0
Johnson,TN-Johnson,0,0
Knox,TN-Knox,0,0
Lake,TN-Lake,0,0
Lauderdale,TN-Lauderdale,0,0
Lawrence,TN-Lawrence,0,0
Lewis,TN-Lewis,0,0
Lincoln,TN-Lincoln,0,0
Loudon,TN-Loudon,0,0
McMinn,TN-McMinn,0,0
McNairy,TN-McNairy,0,0
Macon,TN-Macon,0,0
Madison,TN-Madison,0,0
Marion,TN-Marion,0,0
Marshall,TN-Marshall,0,0
Maury,TN-Maury,0,0
Meigs,TN-Meigs,0,0
Monroe,TN-Monroe,0,0
Montgomery,TN-Montgomery,0,0
Moore,TN-Moore,0,0
Morgan,TN-Morgan,0,0
Obion,TN-Obion,0,0
Andrews,TX-Andrews,0,0
Overton,TN-Overton,0,0
Perry,TN-Perry,0,0
Pickett,TN-Pickett,0,0
Polk,TN-Polk,0,0
Angelina,TX-Angelina,0,0
Putnam,TN-Putnam,0,0
Rhea,TN-Rhea,0,0
Roane,TN-Roane,0,0
Robertson,TN-Robertson,0,0
Rutherford,TN-Rutherford,0,0
Scott,TN-Scott,0,0
Sequatchie,TN-Sequatchie,0,0
Sevier,TN-Sevier,0,0
Shelby,TN-Shelby,0,0
Smith,TN-Smith,0,0
Stewart,TN-Stewart,0,0
Sullivan,TN-Sullivan,0,0
Sumner,TN-Sumner,0,0
Tipton,TN-Tipton,0,0
Trousdale,TN-Trousdale,0,0
Unicoi,TN-Unicoi,0,0
Union,TN-Union,0,0
Van Buren,TN-Van Buren,0,0
Warren,TN-Warren,0,0
Washington,TN-Washington,0,0
Archer,TX-Archer,0,0
Wayne,TN-Wayne,0,0
Weakley,TN-Weakley,0,0
White,TN-White,0,0
Williamson,TN-Williamson,0,0
Wilson,TN-Wilson,0,0
Anderson,TX-Anderson,0,0
Austin,TX-Austin,0,0
Bailey,TX-Bailey,0,0
Bandera,TX-Bandera,0,0
Bastrop,TX-Bastrop,0,0
Baylor,TX-Baylor,0,0
Bee,TX-Bee,0,0
Bell,TX-Bell,0,0
Bexar,TX-Bexar,0,0
Blanco,TX-Blanco,0,0
Borden,TX-Borden,0,0
Bosque,TX-Bosque,0,0
Bowie,TX-Bowie,0,0
Brazoria,TX-Brazoria,0,0
Brazos,TX-Brazos,0,0
Brewster,TX-Brewster,0,0
Briscoe,TX-Briscoe,0,0
Brooks,TX-Brooks,0,0
Brown,TX-Brown,0,0
Burleson,TX-Burleson,0,0
Burnet,TX-Burnet,0,0
Caldwell,TX-Caldwell,0,0
Calhoun,TX-Calhoun,0,0
Callahan,TX-Callahan,0,0
Cameron,TX-Cameron,0,0
Camp,TX-Camp,0,0
Carson,TX-Carson,0,0
Cass,TX-Cass,0,0
Castro,TX-Castro,0,0
Chambers,TX-Chambers,0,0
Cherokee,TX-Cherokee,0,0
Clay,TX-Clay,0,0
Cochran,TX-Cochran,0,0
Coke,TX-Coke,0,0
Coleman,TX-Coleman,0,0
Collin,TX-Collin,0,0
Colorado,TX-Colorado,0,0
Comal,TX-Comal,0,0
Comanche,TX-Comanche,0,0
Concho,TX-Concho,0,0
Cooke,TX-Cooke,0,0
Coryell,TX-Coryell,0,0
Cottle,TX-Cottle,0,0
Crane,TX-Crane,0,0
Crockett,TX-Crockett,0,0
Crosby,TX-Crosby,0,0
Culberson,TX-Culberson,0,0
Dallas,TX-Dallas,0,0
Dawson,TX-Dawson,0,0
DeWitt,TX-DeWitt,0,0
Deaf Smith,TX-Deaf Smith,0,0
Delta,TX-Delta,0,0
Denton,TX-Denton,0,0
Dickens,TX-Dickens,0,0
Dimmit,TX-Dimmit,0,0
Donley,TX-Donley,0,0
Duval,TX-Duval,0,0
Eastland,TX-Eastland,0,0
Ector,TX-Ector,0,0
Edwards,TX-Edwards,0,0
Ellis,TX-Ellis,0,0
El Paso,TX-El Paso,0,0
Erath,TX-Erath,0,0
Falls,TX-Falls,0,0
Fannin,TX-Fannin,0,0
Fayette,TX-Fayette,0,0
Fisher,TX-Fisher,0,0
Foard,TX-Foard,0,0
Fort Bend,TX-Fort Bend,0,0
Franklin,TX-Franklin,0,0
Freestone,TX-Freestone,0,0
Frio,TX-Frio,0,0
Gaines,TX-Gaines,0,0
Galveston,TX-Galveston,0,0
Garza,TX-Garza,0,0
Gillespie,TX-Gillespie,0,0
Glasscock,TX-Glasscock,0,0
Goliad,TX-Goliad,0,0
Gonzales,TX-Gonzales,0,0
Gray,TX-Gray,0,0
Grayson,TX-Grayson,0,0
Gregg,TX-Gregg,0,0
Grimes,TX-Grimes,0,0
Guadalupe,TX-Guadalupe,0,0
Hale,TX-Hale,0,0
Hall,TX-Hall,0,0
Hamilton,TX-Hamilton,0,0
Hansford,TX-Hansford,0,0
Hardeman,TX-Hardeman,0,0
Hardin,TX-Hardin,0,0
Harris,TX-Harris,0,0
Harrison,TX-Harrison,0,0
Hartley,TX-Hartley,0,0
Haskell,TX-Haskell,0,0
Hays,TX-Hays,0,0
Hemphill,TX-Hemphill,0,0
Henderson,TX-Henderson,0,0
Hidalgo,TX-Hidalgo,0,0
Hill,TX-Hill,0,0
Hockley,TX-Hockley,0,0
Hood,TX-Hood,0,0
Hopkins,TX-Hopkins,0,0
Houston,TX-Houston,0,0
Howard,TX-Howard,0,0
Hudspeth,TX-Hudspeth,0,0
Hunt,TX-Hunt,0,0
Hutchinson,TX-Hutchinson,0,0
Irion,TX-Irion,0,0
Jack,TX-Jack,0,0
Jackson,TX-Jackson,0,0
Jasper,TX-Jasper,0,0
Jeff Davis,TX-Jeff Davis,0,0
Jefferson,TX-Jefferson,0,0
Jim Hogg,TX-Jim Hogg,0,0
Jim Wells,TX-Jim Wells,0,0
Johnson,TX-Johnson,0,0
Jones,TX-Jones,0,0
Karnes,TX-Karnes,0,0
Kaufman,TX-Kaufman,0,0
Kendall,TX-Kendall,0,0
Kenedy,TX-Kenedy,0,0
Kent,TX-Kent,0,0
Kerr,TX-Kerr,0,0
Lynn,TX-Lynn,0,0
Kimble,TX-Kimble,0,0
King,TX-King,0,0
Kinney,TX-Kinney,0,0
Kleberg,TX-Kleberg,0,0
Knox,TX-Knox,0,0
La Salle,TX-La Salle,0,0
Lamar,TX-Lamar,0,0
Lamb,TX-Lamb,0,0
Lampasas,TX-Lampasas,0,0
Lavaca,TX-Lavaca,0,0
Martin,TX-Martin,0,0
Lee,TX-Lee,0,0
Leon,TX-Leon,0,0
Liberty,TX-Liberty,0,0
Limestone,TX-Limestone,0,0
Lipscomb,TX-Lipscomb,0,0
Live Oak,TX-Live Oak,0,0
Llano,TX-Llano,0,0
McCulloch,TX-McCulloch,0,0
McLennan,TX-McLennan,0,0
McMullen,TX-McMullen,0,0
Madison,TX-Madison,0,0
Marion,TX-Marion,0,0
Mason,TX-Mason,0,0
Matagorda,TX-Matagorda,0,0
Maverick,TX-Maverick,0,0
Medina,TX-Medina,0,0
Menard,TX-Menard,0,0
Midland,TX-Midland,0,0
Milam,TX-Milam,0,0
Mills,TX-Mills,0,0
Mitchell,TX-Mitchell,0,0
Montague,TX-Montague,0,0
Sutton,TX-Sutton,0,0
Montgomery,TX-Montgomery,0,0
Moore,TX-Moore,0,0
Morris,TX-Morris,0,0
Motley,TX-Motley,0,0
Nacogdoches,TX-Nacogdoches,0,0
Navarro,TX-Navarro,0,0
Newton,TX-Newton,0,0
Nolan,TX-Nolan,0,0
Nueces,TX-Nueces,0,0
Ochiltree,TX-Ochiltree,0,0
Oldham,TX-Oldham,0,0
Orange,TX-Orange,0,0
Palo Pinto,TX-Palo Pinto,0,0
Panola,TX-Panola,0,0
Parker,TX-Parker,0,0
Parmer,TX-Parmer,0,0
Pecos,TX-Pecos,0,0
Polk,TX-Polk,0,0
Potter,TX-Potter,0,0
Presidio,TX-Presidio,0,0
Rains,TX-Rains,0,0
Randall,TX-Randall,0,0
Reagan,TX-Reagan,0,0
Real,TX-Real,0,0
Red River,TX-Red River,0,0
Reeves,TX-Reeves,0,0
Refugio,TX-Refugio,0,0
Roberts,TX-Roberts,0,0
Robertson,TX-Robertson,0,0
Rockwall,TX-Rockwall,0,0
Runnels,TX-Runnels,0,0
Rusk,TX-Rusk,0,0
Swisher,TX-Swisher,0,0
Sabine,TX-Sabine,0,0
San Augustine,TX-San Augustine,0,0
San Jacinto,TX-San Jacinto,0,0
San Patricio,TX-San Patricio,0,0
Davis,UT-Davis,0,0
San Saba,TX-San Saba,0,0
Schleicher,TX-Schleicher,0,0
Scurry,TX-Scurry,0,0
Shackelford,TX-Shackelford,0,0
Shelby,TX-Shelby,0,0
Sherman,TX-Sherman,0,0
Smith,TX-Smith,0,0
Somervell,TX-Somervell,0,0
Starr,TX-Starr,0,0
Stephens,TX-Stephens,0,0
Sterling,TX-Sterling,0,0
Stonewall,TX-Stonewall,0,0
Tarrant,TX-Tarrant,0,0
Taylor,TX-Taylor,0,0
Terrell,TX-Terrell,0,0
Terry,TX-Terry,0,0
Throckmorton,TX-Throckmorton,0,0
Titus,TX-Titus,0,0
Tom Green,TX-Tom Green,0,0
Travis,TX-Travis,0,0
Trinity,TX-Trinity,0,0
Tyler,TX-Tyler,0,0
Piute,UT-Piute,0,0
Upshur,TX-Upshur,0,0
Upton,TX-Upton,0,0
Uvalde,TX-Uvalde,0,0
Val Verde,TX-Val Verde,0,0
Van Zandt,TX-Van Zandt,0,0
Alleghany,VA-Alleghany,0,0
Victoria,TX-Victoria,0,0
Walker,TX-Walker,0,0
Waller,TX-Waller,0,0
Ward,TX-Ward,0,0
Washington,TX-Washington,0,0
Webb,TX-Webb,0,0
Wharton,TX-Wharton,0,0
Wheeler,TX-Wheeler,0,0
Wichita,TX-Wichita,0,0
Wilbarger,TX-Wilbarger,0,0
Willacy,TX-Willacy,0,0
Williamson,TX-Williamson,0,0
Wilson,TX-Wilson,0,0
Winkler,TX-Winkler,0,0
Wise,TX-Wise,0,0
Colonial Heights,VA-Colonial Heights,0,0
Wood,TX-Wood,0,0
Yoakum,TX-Yoakum,0,0
Young,TX-Young,0,0
Zapata,TX-Zapata,0,0
Zavala,TX-Zavala,0,0
Beaver,UT-Beaver,0,0
Box Elder,UT-Box Elder,0,0
Cache,UT-Cache,0,0
Carbon,UT-Carbon,0,0
Daggett,UT-Daggett,0,0
Duchesne,UT-Duchesne,0,0
Emery,UT-Emery,0,0
Garfield,UT-Garfield,0,0
Grand,UT-Grand,0,0
Iron,UT-Iron,0,0
Juab,UT-Juab,0,0
Kane,UT-Kane,0,0
Millard,UT-Millard,0,0
Morgan,UT-Morgan,0,0
Rich,UT-Rich,0,0
Salt Lake,UT-Salt Lake,0,0
San Juan,UT-San Juan,0,0
Sanpete,UT-Sanpete,0,0
Sevier,UT-Sevier,0,0
Summit,UT-Summit,0,0
Tooele,UT-Tooele,0,0
Uintah,UT-Uintah,0,0
Utah,UT-Utah,0,0
Wasatch,UT-Wasatch,0,0
Washington,UT-Washington,0,0
Wayne,UT-Wayne,0,0
Weber,UT-Weber,0,0
Addison,VT-Addison,0,0
Bennington,VT-Bennington,0,0
Caledonia,VT-Caledonia,0,0
Chittenden,VT-Chittenden,0,0
Essex,VT-Essex,0,0
Franklin,VT-Franklin,0,0
Grand Isle,VT-Grand Isle,0,0
Lamoille,VT-Lamoille,0,0
Orange,VT-Orange,0,0
Orleans,VT-Orleans,0,0
Rutland,VT-Rutland,0,0
Washington,VT-Washington,0,0
Windham,VT-Windham,0,0
Windsor,VT-Windsor,0,0
Accomack,VA-Accomack,0,0
Albemarle,VA-Albemarle,0,0
Alexandria,VA-Alexandria,0,0
Amelia,VA-Amelia,0,0
Amherst,VA-Amherst,0,0
Appomattox,VA-Appomattox,0,0
Arlington,VA-Arlington,0,0
Augusta,VA-Augusta,0,0
Bath,VA-Bath,0,0
Bedford,VA-Bedford,0,0
Bland,VA-Bland,0,0
Botetourt,VA-Botetourt,0,0
Bristol,VA-Bristol,0,0
Brunswick,VA-Brunswick,0,0
Buchanan,VA-Buchanan,0,0
Buckingham,VA-Buckingham,0,0
Buena Vista,VA-Buena Vista,0,0
Campbell,VA-Campbell,0,0
Caroline,VA-Caroline,0,0
Carroll,VA-Carroll,0,0
Charles City,VA-Charles City,0,0
Charlotte,VA-Charlotte,0,0
Chesapeake,VA-Chesapeake,0,0
Chesterfield,VA-Chesterfield,0,0
Clarke,VA-Clarke,0,0
Craig,VA-Craig,0,0
Culpeper,VA-Culpeper,0,0
Cumberland,VA-Cumberland,0,0
Danville,VA-Danville,0,0
Essex,VA-Essex,0,0
Fairfax,VA-Fairfax,0,0
Fauquier,VA-Fauquier,0,0
Floyd,VA-Floyd,0,0
Fluvanna,VA-Fluvanna,0,0
Franklin,VA-Franklin,0,0
Frederick,VA-Frederick,0,0
Giles,VA-Giles,0,0
Gloucester,VA-Gloucester,0,0
Goochland,VA-Goochland,0,0
Grayson,VA-Grayson,0,0
Greene,VA-Greene,0,0
Greensville,VA-Greensville,0,0
Halifax,VA-Halifax,0,0
Hampton,VA-Hampton,0,0
Hanover,VA-Hanover,0,0
Harrisonburg,VA-Harrisonburg,0,0
Henrico,VA-Henrico,0,0
Henry,VA-Henry,0,0
Highland,VA-Highland,0,0
Hopewell,VA-Hopewell,0,0
Isle of Wight,VA-Isle of Wight,0,0
James City,VA-James City,0,0
King and Queen,VA-King and Queen,0,0
Vieques,PR-Vieques,0,0
King George,VA-King George,0,0
King William,VA-King William,0,0
Lancaster,VA-Lancaster,0,0
Lee,VA-Lee,0,0
Loudoun,VA-Loudoun,0,0
Swains Island,AS-Swains Island,0,0
Louisa,VA-Louisa,0,0
Lunenburg,VA-Lunenburg,0,0
Lynchburg,VA-Lynchburg,0,0
Madison,VA-Madison,0,0
Manassas Park,VA-Manassas Park,0,0
Mathews,VA-Mathews,0,0
Mecklenburg,VA-Mecklenburg,0,0
Middlesex,VA-Middlesex,0,0
Montgomery,VA-Montgomery,0,0
Nelson,VA-Nelson,0,0
New Kent,VA-New Kent,0,0
Newport News,VA-Newport News,0,0
Norfolk,VA-Norfolk,0,0
Northampton,VA-Northampton,0,0
Northumberland,VA-Northumberland,0,0
Nottoway,VA-Nottoway,0,0
Orange,VA-Orange,0,0
Page,VA-Page,0,0
Patrick,VA-Patrick,0,0
Petersburg,VA-Petersburg,0,0
Pittsylvania,VA-Pittsylvania,0,0
Poquoson,VA-Poquoson,0,0
Portsmouth,VA-Portsmouth,0,0
Powhatan,VA-Powhatan,0,0
Prince Edward,VA-Prince Edward,0,0
Rappahannock,VA-Rappahannock,0,0
Richmond,VA-Richmond,0,0
Roanoke,VA-Roanoke,0,0
Rockbridge,VA-Rockbridge,0,0
Rockingham,VA-Rockingham,0,0
Russell,VA-Russell,0,0
Salem,VA-Salem,0,0
Scott,VA-Scott,0,0
Shenandoah,VA-Shenandoah,0,0
Smyth,VA-Smyth,0,0
Southampton,VA-Southampton,0,0
Spotsylvania,VA-Spotsylvania,0,0
Stafford,VA-Stafford,0,0
Staunton,VA-Staunton,0,0
Suffolk,VA-Suffolk,0,0
Manassas,VA-Manassas,0,0
Surry,VA-Surry,0,0
Sussex,VA-Sussex,0,0
Tazewell,VA-Tazewell,0,0
Virginia Beach,VA-Virginia Beach,0,0
Martinsville,VA-Martinsville,0,0
Warren,VA-Warren,0,0
Washington,VA-Washington,0,0
Waynesboro,VA-Waynesboro,0,0
Westmoreland,VA-Westmoreland,0,0
Williamsburg,VA-Williamsburg,0,0
Wise,VA-Wise,0,0
Wythe,VA-Wythe,0,0
York,VA-York,0,0
Bedford,VA-Bedford,0,0
Charlottesville,VA-Charlottesville,0,0
Covington,VA-Covington,0,0
Emporia,VA-Emporia,0,0
Fairfax,VA-Fairfax,0,0
Falls Church,VA-Falls Church,0,0
Norton,VA-Norton,0,0
Radford,VA-Radford,0,0
Richmond,VA-Richmond,0,0
Roanoke,VA-Roanoke,0,0
Winchester,VA-Winchester,0,0
Adams,WA-Adams,0,0
Asotin,WA-Asotin,0,0
Benton,WA-Benton,0,0
Chelan,WA-Chelan,0,0
Clallam,WA-Clallam,0,0
Clark,WA-Clark,0,0
Columbia,WA-Columbia,0,0
Hancock,WV-Hancock,0,0
Cowlitz,WA-Cowlitz,0,0
Douglas,WA-Douglas,0,0
Ferry,WA-Ferry,0,0
Franklin,WA-Franklin,0,0
Garfield,WA-Garfield,0,0
Grant,WA-Grant,0,0
Grays Harbor,WA-Grays Harbor,0,0
Island,WA-Island,0,0
Jefferson,WA-Jefferson,0,0
King,WA-King,0,0
Kitsap,WA-Kitsap,0,0
Kittitas,WA-Kittitas,0,0
Klickitat,WA-Klickitat,0,0
Lewis,WA-Lewis,0,0
Lincoln,WA-Lincoln,0,0
Mason,WA-Mason,0,0
Okanogan,WA-Okanogan,0,0
Pacific,WA-Pacific,0,0
Pend Oreille,WA-Pend Oreille,0,0
Pierce,WA-Pierce,0,0
San Juan,WA-San Juan,0,0
Skagit,WA-Skagit,0,0
Skamania,WA-Skamania,0,0
Snohomish,WA-Snohomish,0,0
Spokane,WA-Spokane,0,0
Stevens,WA-Stevens,0,0
Thurston,WA-Thurston,0,0
Wahkiakum,WA-Wahkiakum,0,0
Walla Walla,WA-Walla Walla,0,0
Whatcom,WA-Whatcom,0,0
Whitman,WA-Whitman,0,0
Yakima,WA-Yakima,0,0
Logan,WV-Logan,0,0
Barbour,WV-Barbour,0,0
Berkeley,WV-Berkeley,0,0
Boone,WV-Boone,0,0
Braxton,WV-Braxton,0,0
Brooke,WV-Brooke,0,0
Cabell,WV-Cabell,0,0
Calhoun,WV-Calhoun,0,0
Clay,WV-Clay,0,0
Doddridge,WV-Doddridge,0,0
Fayette,WV-Fayette,0,0
Gilmer,WV-Gilmer,0,0
Grant,WV-Grant,0,0
Greenbrier,WV-Greenbrier,0,0
Hampshire,WV-Hampshire,0,0
Hardy,WV-Hardy,0,0
Harrison,WV-Harrison,0,0
Jackson,WV-Jackson,0,0
Jefferson,WV-Jefferson,0,0
Kanawha,WV-Kanawha,0,0
Lewis,WV-Lewis,0,0
Lincoln,WV-Lincoln,0,0
McDowell,WV-McDowell,0,0
Marion,WV-Marion,0,0
Marshall,WV-Marshall,0,0
Mason,WV-Mason,0,0
Mercer,WV-Mercer,0,0
Mineral,WV-Mineral,0,0
Mingo,WV-Mingo,0,0
Monongalia,WV-Monongalia,0,0
Monroe,WV-Monroe,0,0
Morgan,WV-Morgan,0,0
Nicholas,WV-Nicholas,0,0
Ohio,WV-Ohio,0,0
Pendleton,WV-Pendleton,0,0
Pocahontas,WV-Pocahontas,0,0
Preston,WV-Preston,0,0
Putnam,WV-Putnam,0,0
Raleigh,WV-Raleigh,0,0
Randolph,WV-Randolph,0,0
Ritchie,WV-Ritchie,0,0
Roane,WV-Roane,0,0
Summers,WV-Summers,0,0
Taylor,WV-Taylor,0,0
Tucker,WV-Tucker,0,0
Tyler,WV-Tyler,0,0
Upshur,WV-Upshur,0,0
Wayne,WV-Wayne,0,0
Webster,WV-Webster,0,0
Wetzel,WV-Wetzel,0,0
Wirt,WV-Wirt,0,0
Wood,WV-Wood,0,0
Wyoming,WV-Wyoming,0,0
Adams,WI-Adams,0,0
Ashland,WI-Ashland,0,0
Barron,WI-Barron,0,0
Bayfield,WI-Bayfield,0,0
Brown,WI-Brown,0,0
Buffalo,WI-Buffalo,0,0
Burnett,WI-Burnett,0,0
Calumet,WI-Calumet,0,0
Chippewa,WI-Chippewa,0,0
Green,WI-Green,0,0
Clark,WI-Clark,0,0
Columbia,WI-Columbia,0,0
Crawford,WI-Crawford,0,0
Dane,WI-Dane,0,0
Dodge,WI-Dodge,0,0
Door,WI-Door,0,0
Douglas,WI-Douglas,0,0
Dunn,WI-Dunn,0,0
Eau Claire,WI-Eau Claire,0,0
Florence,WI-Florence,0,0
Fond du Lac,WI-Fond du Lac,0,0
Forest,WI-Forest,0,0
Grant,WI-Grant,0,0
Green Lake,WI-Green Lake,0,0
Iowa,WI-Iowa,0,0
Iron,WI-Iron,0,0
Jackson,WI-Jackson,0,0
Jefferson,WI-Jefferson,0,0
Juneau,WI-Juneau,0,0
Kenosha,WI-Kenosha,0,0
Kewaunee,WI-Kewaunee,0,0
La Crosse,WI-La Crosse,0,0
Lafayette,WI-Lafayette,0,0
Langlade,WI-Langlade,0,0
Lincoln,WI-Lincoln,0,0
Manitowoc,WI-Manitowoc,0,0
Marathon,WI-Marathon,0,0
Richland,WI-Richland,0,0
Marinette,WI-Marinette,0,0
Marquette,WI-Marquette,0,0
Menominee,WI-Menominee,0,0
Milwaukee,WI-Milwaukee,0,0
Monroe,WI-Monroe,0,0
Oconto,WI-Oconto,0,0
Oneida,WI-Oneida,0,0
Outagamie,WI-Outagamie,0,0
Ozaukee,WI-Ozaukee,0,0
Pepin,WI-Pepin,0,0
Pierce,WI-Pierce,0,0
Polk,WI-Polk,0,0
Portage,WI-Portage,0,0
Price,WI-Price,0,0
Racine,WI-Racine,0,0
Rock,WI-Rock,0,0
Rusk,WI-Rusk,0,0
St. Croix,WI-St. Croix,0,0
Sauk,WI-Sauk,0,0
Sawyer,WI-Sawyer,0,0
Shawano,WI-Shawano,0,0
Sheboygan,WI-Sheboygan,0,0
Taylor,WI-Taylor,0,0
Trempealeau,WI-Trempealeau,0,0
Vernon,WI-Vernon,0,0
Vilas,WI-Vilas,0,0
Walworth,WI-Walworth,0,0
Washburn,WI-Washburn,0,0
Washington,WI-Washington,0,0
Waukesha,WI-Waukesha,0,0
Waupaca,WI-Waupaca,0,0
Waushara,WI-Waushara,0,0
Winnebago,WI-Winnebago,0,0
Wood,WI-Wood,0,0
Albany,WY-Albany,0,0
Big Horn,WY-Big Horn,0,0
Campbell,WY-Campbell,0,0
Carbon,WY-Carbon,0,0
Converse,WY-Converse,0,0
Crook,WY-Crook,0,0
Fremont,WY-Fremont,0,0
Goshen,WY-Goshen,0,0
Hot Springs,WY-Hot Springs,0,0
Johnson,WY-Johnson,0,0
Laramie,WY-Laramie,0,0
Lincoln,WY-Lincoln,0,0
Natrona,WY-Natrona,0,0
Niobrara,WY-Niobrara,0,0
Park,WY-Park,0,0
Platte,WY-Platte,0,0
Sheridan,WY-Sheridan,0,0
Sublette,WY-Sublette,0,0
Sweetwater,WY-Sweetwater,0,0
Teton,WY-Teton,0,0
Uinta,WY-Uinta,0,0
Washakie,WY-Washakie,0,0
Weston,WY-Weston,0,0
Adjuntas,PR-Adjuntas,0,0
Aguada,PR-Aguada,0,0
Aguadilla,PR-Aguadilla,0,0
Aguas Buenas,PR-Aguas Buenas,0,0
Aibonito,PR-Aibonito,0,0
Arecibo,PR-Arecibo,0,0
Arroyo,PR-Arroyo,0,0
Aï¿½asco,PR-Aï¿½asco,0,0
Anasco,PR-Anasco,0,0
Barceloneta,PR-Barceloneta,0,0
Barranquitas,PR-Barranquitas,0,0
Bayamï¿½n,PR-Bayamï¿½n,0,0
Bayamon,PR-Bayamon,0,0
Cabo Rojo,PR-Cabo Rojo,0,0
Caguas,PR-Caguas,0,0
Camuy,PR-Camuy,0,0
Canï¿½vanas,PR-Canï¿½vanas,0,0
Canovanas,PR-Canovanas,0,0
Carolina,PR-Carolina,0,0
Cataï¿½o,PR-Cataï¿½o,0,0
Catano,PR-Catano,0,0
Cayey,PR-Cayey,0,0
Ceiba,PR-Ceiba,0,0
Ciales,PR-Ciales,0,0
Cidra,PR-Cidra,0,0
Coamo,PR-Coamo,0,0
Comerï¿½o,PR-Comerï¿½o,0,0
Comerio,PR-Comerio,0,0
Corozal,PR-Corozal,0,0
Culebra,PR-Culebra,0,0
Dorado,PR-Dorado,0,0
Fajardo,PR-Fajardo,0,0
Florida,PR-Florida,0,0
Guï¿½nica,PR-Guï¿½nica,0,0
Guanica,PR-Guanica,0,0
Guayama,PR-Guayama,0,0
Guayanilla,PR-Guayanilla,0,0
Guaynabo,PR-Guaynabo,0,0
Gurabo,PR-Gurabo,0,0
Hatillo,PR-Hatillo,0,0
Hormigueros,PR-Hormigueros,0,0
Humacao,PR-Humacao,0,0
Isabela,PR-Isabela,0,0
Jayuya,PR-Jayuya,0,0
Juana Dï¿½az,PR-Juana Dï¿½az,0,0
Juana Diaz,PR-Juana Diaz,0,0
Juncos,PR-Juncos,0,0
Lajas,PR-Lajas,0,0
Lares,PR-Lares,0,0
Las Marï¿½as,PR-Las Marï¿½as,0,0
Las Marias,PR-Las Marias,0,0
Naranjito,PR-Naranjito,0,0
Las Piedras,PR-Las Piedras,0,0
Loï¿½za,PR-Loï¿½za,0,0
Loiza,PR-Loiza,0,0
Luquillo,PR-Luquillo,0,0
Manatï¿½,PR-Manatï¿½,0,0
Manati,PR-Manati,0,0
Orocovis,PR-Orocovis,0,0
Maricao,PR-Maricao,0,0
Maunabo,PR-Maunabo,0,0
Mayagï¿½ez,PR-Mayagï¿½ez,0,0
Mayaguez,PR-Mayaguez,0,0
Moca,PR-Moca,0,0
Morovis,PR-Morovis,0,0
Naguabo,PR-Naguabo,0,0
Patillas,PR-Patillas,0,0
Peï¿½uelas,PR-Peï¿½uelas,0,0
Penuelas,PR-Penuelas,0,0
Ponce,PR-Ponce,0,0
Quebradillas,PR-Quebradillas,0,0
Rincï¿½n,PR-Rincï¿½n,0,0
Rincon,PR-Rincon,0,0
Rio Grande,PR-Rio Grande,0,0
Sabana Grande,PR-Sabana Grande,0,0
Salinas,PR-Salinas,0,0
San Germï¿½n,PR-San Germï¿½n,0,0
San German,PR-San German,0,0
San Juan,PR-San Juan,0,0
San Lorenzo,PR-San Lorenzo,0,0
San Sebastiï¿½n,PR-San Sebastiï¿½n,0,0
San Sebastian,PR-San Sebastian,0,0
Santa Isabel,PR-Santa Isabel,0,0
Toa Alta,PR-Toa Alta,0,0
Toa Baja,PR-Toa Baja,0,0
Trujillo Alto,PR-Trujillo Alto,0,0
Utuado,PR-Utuado,0,0
Vega Alta,PR-Vega Alta,0,0
Villalba,PR-Villalba,0,0
Yabucoa,PR-Yabucoa,0,0
Yauco,PR-Yauco,0,0
Eastern,AS-Eastern,0,0
Manu'a,AS-Manu'a,0,0
Western,AS-Western,0,0
Rose Island,AS-Rose Island,0,0
St. Croix,VI-St. Croix,0,0
Guam,GU-Guam,0,0
Saipan,MP-Saipan,0,0
Tinian,MP-Tinian,0,0
Northern Islands,MP-Northern Islands,0,0
Rota,MP-Rota,0,0
St. John,VI-St. John,0,0
St. Thomas,VI-St. Thomas,0,0
Autauga,AL-Autauga,0,0
Coosa,AL-Coosa,0,0
Barbour,AL-Barbour,0,0
Bremer,IA-Bremer,0,0
Baldwin,AL-Baldwin,0,0
